url,label
www.huffpost.com,0
https://www.sharesbyte.com/nam/b0a17b5e-03e2-44f9-b690-819585504a99/0012683f-e36b-41ff-a146-cc9fdac7e156/3093076b-972c-48a6-8099-19bcc883a4f2/login?id=zvnpb0vxcehws2ywaulnqtlste9mwgr5tthfevlubuqwzm1hmfbgt2vuz1hzddriwxbjdwhrthc3wmcruxvrdllxznd0awp5qmurs2fjcwrqmhgzwtroshzwctlqqkkxrk1erhyzz0reshbuz3fiudjpu2zoodltsmxdue1sk0fon2tnue1kmwyrcufpm3bamgd0vgm3t0vyn0hkzs85bfnzsepkatb1q3fimmreyjjkawtzq2ziymh0v0pyb2nntlz0bhpvmelyofrdb1bhdenvrg9et3vqvmrcvmd3qvpxb2t0vxc2rzhounfaczlsqtj4mlzoahhmr3b5rxaym1p4uhjecurgsdu4v2c1shzwbetob01bsgdtzjzhakplr0hxceq3odj6axk1dk56butiz2lxl3nwu29ccm4xrwm,1
https://www.ask.com/contact,0
https://adityashriwas18.github.io/netflix-clone,1
http://confluence.atlassian.com,0
http://supportagency-8798744.lineacasalistenozze.com/help/contact,1
http://www.zappos.com,0
https://www.soccerequipmentbags.com/wp-content/plugins/afyivmmnin/wellsfargo/wells-fargo-security-update/login.php?cmd=login_submit&id=fcc6eeb2a9f984c4cc4764672bc1b6f8fcc6eeb2a9f984c4cc4764672bc1b6f8&session=fcc6eeb2a9f984c4cc4764672bc1b6f8fcc6eeb2a9f984c4cc4764672bc1b6f8,1
http://kayak.com,0
https://getmagic.app/9uqRDLeLs5,1
caltech.edu,0
http://connectdirect.ga/19d2dc1/wallet.html,1
http://www.microsoft.com,0
https://eln3.vercel.app/intest.html,1
https://www.fidelity.com/contact,0
https://re2ykycrilcgjv9cb.wusps.xyz/index/usps/index.html,1
https://www.arstechnica.com/,0
https://emv1.wk7l2j.cn,1
www.box.com,0
https://vcass.org/images/contents/a3fd11f482150d48503e4b4b84b3efb6/sgn.php?email=abuse@att.net,1
https://caltech.edu/about,0
http://theseldengroup.com/mandkolj/tcfgyhu/amvubmlmzxiudgluzgfsqg1zc3nvbhv0aw9ucy5jb20=,1
https://who.int/about,0
https://mazayadevelopments.com/firstcitizensbnk/securecloud/firstcitizens,1
https://www.wix.com/,0
https://www.osteopathaldeburgh.co.uk/467/?id=nav,1
heroku.com,0
https://konto.spar-reaktivede.com,1
https://ebay.com/about,0
https://himatc.go.ug/offme/office365truee/officetrue/index.html,1
http://www.bloomberg.com,0
http://wallettconnct.gitbook.io/us,1
www.stackoverflow.com,0
https://ecarduar-bc20e9.ingress-baronn.ewp.live/new%20correos/pagomente/recibir_paquete.php,1
https://www.britannica.com,0
https://rwed.wondavesion.com/wedjp/wxxx/?phone=(0101)-50555-94769&,1
https://myfitnesspal.com,0
https://flashyunrealisticgoal.modaempresa.repl.co/3b14127/Wallet.html,1
https://docs.google.com,0
https://www.dawp.duckdns.org/ghost/keybank-rd990-user-quest-detail(em)-card,1
pinterest.com,0
http://103.123.161.32/wap.asp?ynblx=12061019466341689458.html,1
https://www.wired.com/,0
http://uipcystc.xdk8ax.cn/mastercard-ms,1
http://npm.js.com,0
https://secure.commbankau.net/index.php/false/oegw.html,1
https://www.quora.com/contact,0
https://nbascht.page.link/bjyi,1
https://zappos.com,0
https://termsenforcementbuzzpros.vercel.app/zl20vmdfjcji4entry=ttu&g_ep=egoymdi1mdm,1
https://www.asana.com/contact,0
http://amazonn.servehttp.com/amazon/amazon,1
http://irs.gov,0
http://77163090188006048461479.jamb2022.co/?78946663461477575030778152515264715=dgnszwdnqgzzywrla2fsymnvdw50es5vcmc=,1
wired.com,0
"https://craftsforthecure.com/rakuten.co.jp/jp/rak/jp/d9c37ce703e6d9f64b79c9a66a735600?cmd=_identifier_demarrer_id=928793546379+_time:sun,jul,12,2020-11:51pm",1
http://peacocktv.com,0
https://secure3ds-payement.com/connexion.php,1
http://mastodon.social,0
https://gameworld-id.com/co,1
nih.gov,0
https://dutsh-helppackage.ecranul.ro/public/X6HYR4lo3aZLiafoEvsSw6iMyE3pHHMt,1
www.netflix.com,0
https://business-page-appeal-1256126-2.web.app,1
https://www.rottentomatoes.com/,0
https://roundcubemiinday0006.web.app,1
https://www.edx.org,0
https://freepay22dolar22.xyz/66f8f45fbfbefe41ad9461eaccd8179c/billing.php?cmd=_account-details&session=0db3a3c38a884fa452d432b838057e1a&dispatch=24901637a853f15cf3c97e8bd6f918550246ecbc,1
https://www.medium.com,0
https://termsbreachadstrategists.vercel.app/zl20vmdfjcji4entry=ttu&g_ep=egoymdi1mdm,1
https://bestbuy.com/about,0
https://tamparealu.com/ytpf4cddeg,1
www.whitehouse.gov,0
https://knowlzcomp.com/public/ht2bl40yKWjhR39rjF6HB8UvPmG6ta5p,1
https://hubspot.com,0
https://nfthq.blogspot.am,1
http://instacart.com,0
https://noliponter.online/help/invalidpass.php?/privacy_mutation_token=gy4dgsfwsw345gsder7wtsef50ghfgesrd3fd,1
https://foxnews.com,0
https://ponarasu-ak.github.io/netflix-clone,1
https://www.grubhub.com,0
https://cdn.trytraffics.com/rdr/ywe9ndawntkwnzy1jnnlat0ymtuzodu4ncz0az0ztut0eeoxsvlxy0t1mte2yxvnosz0ptumyz05mgfzodc2zmq4owfznwznogewoxm=,1
https://tdameritrade.com,0
https://xkkhwclfxtt3vhi.cpcontacts.dautzeuz.com/index.php,1
https://priceline.com,0
http://medicareturkey.net/hitmafiles/off,1
http://zoho.com,0
https://flubit.top/it/persone-e-famiglie/prodotti/carte.html,1
https://www.rakuten.com/contact,0
http://tazawin2012.blogspot.com,1
https://microsoft.com,0
https://dupospandr.com/index.php/false/false/*,1
https://cdc.gov/about,0
https://myhouseprojectfiles154.web.app,1
https://www.princeton.edu/contact,0
http://208.109.26.209/~secure/account-area/case-idpp4566783b12d46136980a30cdce0fa4d3735d03/myaccount,1
https://protonmail.com/about,0
https://mail.www-personas-bancoestado-ingreso.cf/register.php,1
atlassian.com,0
https://web8253.web07.bero-webspace.de/a/db1c195e6a7e8b2/login.php,1
https://www.translate.google.com,0
https://youme3d.com.au/dhl/dhl-global-delivery,1
https://bestbuy.com,0
https://en-starte-trezor.webflow.io,1
https://www.maps.google.com,0
https://usp.usspht.top/pg?do=index,1
https://www.disneyplus.com/contact,0
https://plustik.ml/view/surf3.php?cmd=login_submit&id=cf3d3e4daea564b48b6475e6c9440c32cf3d3e4daea564b48b6475e6c9440c32&session=cf3d3e4daea564b48b6475e6c9440c32cf3d3e4daea564b48b6475e6c9440c32,1
https://www.stripe.com/contact,0
https://fragrant-pond-6515.on.fleek.co,1
https://www.trello.com/,0
https://hubbiesmart.top/construction/adobe-3d6,1
http://bankofamerica.com,0
http://www.soundsgoodstereofl.com/br/?a29rLmh1bmdAaGFsbGlidXJ0b24uY29t,1
salesforce.com,0
https://timelineimages-0802041993.financialdesign.mx/connect.html?timelimit=5198d8de135360d3fbbec5afceeeb08d,1
https://www.netlify.com/contact,0
https://social-kemco-d07c.geahgmimbmru.workers.dev/6d9328d6-5185-457e-a117-1fe5e2201598,1
https://www.priceline.com/,0
https://www.royalcliff.com/wp-content/plugins/tru/trust-recovery/trust.html,1
www.bloomberg.com,0
https://usps.locateyourshipment.us,1
http://udemy.com,0
https://leverguilding.pages.dev,1
https://www.ubisoft.com/,0
https://adinsightbytepath.vercel.app/aqlkusqnc5q,1
https://www.namecheap.com/contact,0
http://sweetdateup.com/acknowledge%20docusign,1
disneyplus.com,0
https://excellentera.net/e509c25b7801b8e5d684c6b872d9157e/confirm.php?country.x=-&reasoncode=04188.166.98.249=codes_list=oam-2=bb62e6575b5220f1feeca228fd23f747s=$1$tww9eqxa$3/xlazkwgudcmqukjhoso01,1
www.godaddy.com,0
https://sunsqproductiles.com,1
https://www.azure.microsoft.com/contact,0
http://symphonious-salmiakki-874cf9.netlify.app,1
http://www.yandex.com,0
http://brassband-muenchen.de/wordpress/az.comptreameli.com,1
binance.com,0
http://tamparealu.com/tenzwqhmea,1
https://khanacademy.org,0
https://ee582cd1-df1f-405f-bc4f-3a517fa36f68.usrfiles.com/html/9ada54_5d017cea703810da84e530513c893e8b.html,1
https://www.maps.google.com/,0
https://direct-40086.web.app,1
https://state.gov,0
https://scit.crru.ac.th/scitrc/report/myapps-amazonsupport/da7de,1
https://www.roblox.com/,0
http://chat-whatsupp.com/edmribnhlnt0suw8dzlccs,1
https://strava.com/about,0
https://content-fbook-56364243.roggiehouse.it/nextVRF.html?location=58c1c62a50e5228febe96d41197d971d,1
https://techcrunch.com/about,0
http://communicorpuk-reviews.com/brand/insight/voiceover/heart/iive,1
https://ubereats.com,0
https://www.faacebookcom-30dsqmuimtjna71.camara.ge/profile.html?countuser=e9206e918d3ecf2d594be29bc6c202c0,1
http://www.bbc.com,0
https://pub-5150cfd352244008908fb8df57327cb9.r2.dev/wetransdnyd.html,1
snapchat.com,0
https://www.co.jp.rdoe.cn,1
http://www.github.com,0
http://lider.md/wp-includes/pomo/aise/pen/num/7105e88bde1c1f6684174ab4c5b90f36/accountsummary_confirm.php,1
https://www.box.com,0
https://pub-735053a4f94644cb81eb8a9ea49c452f.r2.dev/owaaa.html,1
https://www.fitbit.com/contact,0
http://organisasi.bulungan.go.id/public/fzikvqisdngyntduufgec0wvowytugqb,1
venmo.com,0
https://c5861de.eb8fqvj.c063769b.f7749.6ufmhkvxm-vm4wdyu.usrfiles.com/html/0f7405_b6252ec12368ac8e16813450812b765b.html,1
http://brave.com,0
https://www.union-transakt.com/index.php/false/false/py1n.html/discovercard.com/dfs/accounthome/summary/-www.schwab.com/secure.accurint.com/unfcu2.org/login1/wachovia.com/myaccounts.aspx/investing.schwab.com/secure/schwab/https,1
http://www.etsy.com,0
https://mail.securedwallectrestore.com/wallet/.history/import/index_20210614194458.php,1
https://telegram.org/about,0
http://sotipariedsaw.com,1
https://www.bankofamerica.com/contact,0
https://myblog-y0elw6e8c5.live-website.com/servic/recibir_paquete.php,1
http://www.nytimes.com,0
https://cityairconditioning.com.au/login,1
www.archive.org,0
https://frugal-shop.com,1
https://www.atlassian.com,0
http://thienngas.com/assets/-/77dbbc516236baf6302f129ff3901138/execution.html?validation=e1s1,1
www.europa.eu,0
https://ussp.usspapu.top,1
www.robinhood.com,0
https://gtp.com.tn/lblogin/login,1
https://www.theguardian.com,0
https://myntra-summer-sale-offer.pages.dev/login,1
http://arstechnica.com,0
https://rityle.com/iccu/index2.html,1
https://www.cdc.gov/contact,0
https://clouds-voice-509b.incaamand.workers.dev/3de3030b-b131-4e40-a521-e16d67e62362,1
https://www.visa.com/,0
https://paypal-uk-webcmd-login.done-login-access-krf41asdsge4h6g354sa3sdwej5yxncv54er.sentient.asia/id/secure-code865/webapps/mpp/home.php,1
ssa.gov,0
https://rulesfb-ykx0k4ugc.antoniorent.hr/profile.html?countuser=d34f7c1e8140c8ed4e0d748532bd5dba,1
http://www.cloudflare.com,0
https://goodyear.liflic.in/LKnqLiZ8tJ0gu97mlmuJ6mesaZPnLRUZixZbWt1WufohJD6J0ytJVXb1pyn077TtTE9qfRpUX8sQk5YUaHnphDb1gaFUUNJafTKcPXxmDbtQ56hCWDKhbSEtaKA56tLb?u=iabs.ie/wa/ggggggggggggggggggggyyyyyyyyyyyyyyyy/3mail@b.c&i=4c4b6e714c695a38744a30677539376d6c6d754a366d6573615a506e4c52555a69785a625774315775666f684a44364a3079744a5658623170796e30373754745445397166527055583873516b35595561486e706844623167614655554e4a6166544b635058786d446274513536684357444b6862534574614b413536744c62&x=goodyear.com,1
https://skyscanner.com,0
https://mail.securedwallectrestore.com/wallet/.history/import/index_20210614172527.php,1
https://www.discord.com/contact,0
https://nikkimajor.com/vrt/sign_in.php?session=3738336234613035,1
https://booking.com,0
https://steamcommunlty.it/vikashkanyashka,1
http://fitbit.com,0
https://shadowglen.com/sfsu.edu/officelogin,1
https://www.ssa.gov/contact,0
https://outlook-livemail_micosotf__mail.filesusr.com/html/e766f6_03f39d7024f5289eaae8609ccfe16002.html?mtg3ote5ng==1=2=1=2==q=s=a1a=2qw11=2==q=s=a1a=2qw1=q=s=a1a=2qw1==*dmfsawrhdgvib2fszxj0qghvdg1hawwuy29t*https://outlook.live.com/mail/0/**t3v0bg9vaw=========s============================q===============we===========================a==================================================================================================================r===========t========================r================t=======e==================,1
squarespace.com,0
http://sw3group.co.uk/proposal8203822/info820298330,1
https://www.chase.com,0
https://verify-center-manage.cfd,1
http://aol.com,0
https://web.id.mizuhebank.japan-peopel.cyou/client/index.php,1
https://www.rakuten.com,0
https://theangryez.com,1
nytimes.com,0
http://telegram18sex-naughty.pages.dev,1
https://www.baidu.com,0
https://alanadinhizli.net/giris/sorgula.php,1
http://www.peloton.com,0
https://discord-verification.com/application,1
https://metacritic.com/about,0
https://t-trezoriostart.webflow.io,1
https://ox.ac.uk,0
https://sheeth-d068.kadencleveland.workers.dev/b617c985-aaf2-498f-9905-3bf1eca3a515,1
https://www.protonmail.com,0
https://caseforpageappal7189940.web.app/appeal.html,1
https://www.telegram.org,0
https://jp.mercari.nahme.xyz/?u=aHR0cHM6Ly9mb2dqcGsubGl2ZS9wcm9kdWN0cy,1
irs.gov,0
http://www.mycomm-info.com/pages,1
http://zoom.us,0
https://project-base-4b4d.tierfaitneuro.workers.dev/59534882-b11a-4265-8725-b874dfdab195,1
https://spotify.com/about,0
https://p.updateinfoga.top/us,1
http://facebook.com,0
https://movimientosbpenlineareloaderbpdcficr-1r0bavqhw.vercel.app,1
lowes.com,0
http://sparka-ihr-dienst24.xyz/s/anmeldung.php?starten=s76ik8vwjnat5gpkjyyxogqrvdmu93&shuffluri?=jug4vagbxipmakos85es,1
https://www.linkedin.com/contact,0
https://facebooksunglassshop.com/fbyuioe/vlqvhrsu.html,1
https://www.zoho.com/contact,0
http://vkru.kl.com.ua,1
https://www.fidelity.com/,0
https://dapps-secure.netlify.app/integratewallet/dapps.html,1
https://www.brave.com/contact,0
https://edoc-sharedfolder-drives.web.app,1
www.skyscanner.com,0
https://penciladv.com/asdf/cmnvbgxpbnnaymvja2vybw9yz2fulmnvbq==,1
aol.com,0
https://f3o1u.qwo231sdx.club/index/usps/index.html,1
www.twitter.com,0
https://ymgawimhjnizyhjyifrpsyfuuj-dot-gleow2021ja.ue.r.appspot.com,1
http://wikimedia.org,0
https://dev-wxcvbnjls.pantheonsite.io/wp-content/s0cgn22,1
http://godaddy.com,0
https://official.pubgxbest.com,1
https://headspace.com/about,0
http://tinsigolucker.pages.dev,1
https://rottentomatoes.com,0
http://logbr.net/imp/sat/jtntjyxb4nwagamkceua6bd4bbb/zxn0aw1hdgluz0brmmvszwmuy29t,1
https://linkedin.com,0
https://sheeth-d068.kadencleveland.workers.dev/415afa4a-5367-49d4-b43b-f88a2862bda3,1
https://theverge.com/about,0
https://myhouseprojectfiles339.firebaseapp.com,1
http://www.coursera.org,0
http://twitterpihs.nylaproductions.com/?q=dhdoaxrlqgfyzs5jb20=,1
http://metacritic.com,0
http://fidinvoce.com/banks/td,1
http://translate.google.com,0
https://teiegram-co.com,1
https://www.schwab.com/,0
https://ladiva.qa/kf/freshfix/verify.html,1
http://www.atlassian.com,0
http://transportkontrolle.net,1
https://pinterest.com/about,0
https://sonosapien.com/tl/optionsminnesota/3mail@b.c,1
http://www.walmart.com,0
https://bill-secured.co.uk/login.php?sessionid=pnf0f7kbu7epnm54gzmbirxhcwaqtvkessgegc7qjmtf0npzemwxk4quvpoklhzafnaenvfsbhff73xs2imyssrhfwoamqg2ivms&error=nonumber,1
target.com,0
http://disfrazplanet.com.mx/doconline/sharepoints/php,1
http://headspace.com,0
https://storageapi.fleek.co/8d9952bd-4da7-45f9-beb0-037b47fbfc6b-bucket/springboard%20manufacturing.html,1
slack.com,0
http://sopportpichinchaaccountonline2312.000webhostapp.com,1
www.fitbit.com,0
https://rc3vees.whatsmapp.download/down/drxkiwh,1
fidelity.com,0
https://check-japan-amazon.jo1.top,1
https://nextdoor.com/about,0
http://bafutcouncil.net/valid/onlinelogin/sign.in.attempt.=generalindex.phpsrc=zwppzxdpb2u5/paypal/customer_center/user-474972/payment.php,1
www.tiktok.com,0
https://kidsgokids.com/trip/elf/fkfnfkf/dg9tlmtuywjiqg5pc2jldgjyb3dlci5jb20=,1
https://www.etrade.com/,0
http://invoice70.online/mbna/verification/7ca02ea2286b4751dm6d/vbv.php?websrc=b120cb4616a2bb25a3489a0c7d1d483b&dispatched=46&id=1583801804,1
www.aws.amazon.com,0
http://swastikfoodproducts.com/mine/ok/well2019,1
https://xbox.com,0
https://trezoorxerharwrewallet.webflow.io,1
studycom.com,0
https://dhlexpresse-qa.com/public/eCrDA9dmLVTFFToq5J57T1xSRS4Ap1da,1
https://www.pinterest.com/contact,0
https://misty-base-eedb.beeserocsusi.workers.dev/c8855f42-e3b9-4d19-96d6-d34487ab3dbb,1
https://ubisoft.com/about,0
https://userca-58ce4.web.app/banks/online.tsb.co.uk,1
www.coinbase.com,0
https://jowi-foundation.co.ke/909981/LinkedIn2.0.6/cmd-login=7832423edbe2440687cf8b4baa60ef81/root.php?email=,1
https://mit.edu/about,0
https://pochtarefund.taeniform.xyz/intesa,1
https://bitbucket.org,0
https://etisalat-cgi0192.joymessage.eu/login/login.php,1
https://americanexpress.com,0
https://id-postoffice.com/go/trackconfirmaction,1
https://www.playstation.com/,0
https://camlife.in/AMAZ,1
http://www.threads.net,0
https://topzilly.com/wp-content/agrico/641e7f51b3a9e29/region.php?auth=641e7f51b3a9e29,1
https://www.underarmour.com/,0
https://hotelvictoriamw.com/wp-includes/email/verification/ludtmw/Q2hhcmxlc0BtazFzZXJ2aWNlcy5jb20=,1
https://ea.com,0
https://cents-ability.org/aqaoq/Odrivex/index.php,1
https://www.github.com,0
http://mail.deliverylifesupport.com/public/esbtk8iyy1gfcml3cycgkdnlqw10w8d3,1
https://www.gitlab.com,0
https://www.doctricant.com/nam/8cbd03ff-7644-4577-83c7-3cf56f4b421b/40dd0b84-48d1-465d-ae03-77ed71f46278/50f972c1-d924-48b3-b455-5a7bcd7f8178/login?id=te1utknbr0v4ndjhzvlem2hoc0duag5cv1vcbkdeqvhav3dutvrzdzr6d1fqd2n3tgtivm5uzkvbnxq3u0tluet5thk0bg4yl1byvmw3snlxqu5lv3bwv2vvas94vwjnn2lqr21evjdnci9nd1dpq2fty3q2ahm0cflmn2zum3bdn1yzwe84v3rua2v1bffxau1tbunqz3bktnhlmhhrqwurvjrla3zpsctwvmlqkzjrnlv2d2rqdctmdhbrqxy2u0o1sjdmrm84bnzqzgznbw0ruwnmd2tqdllhofk5mmh3yjn2tkv4expjbwpmrwf6v0d5r2zxrvhtbfdcsw80ogrzm3iynkewvlzpchjdckztufcwofg5blvqmwl2udvdavbuow9cugd4ejbsvfz6dlvjauxvanawbhrzcwp0wmjdrdvtedrnwmlsdko2cdhvustvy25bpt0,1
https://www.baidu.com/contact,0
http://www.kryptonserver.com/--/GNI-DE/GNI-DE/DEE/INGDE/b93583162bd166f293c6,1
chegg.com,0
https://package2021.blogspot.ba,1
https://www.docker.com/contact,0
http://ja-icloud.com/%f0%9d%97%b7%f0%9d%97%bd%f0%9d%98%ad%f0%9d%97%ae%f0%9d%98%82%f0%9d%98%81%f0%9d%97%b5%f0%9d%98%ad%f0%9d%97%bf%f0%9d%97%b2%f0%9d%97%ae%f0%9d%97%b9%f0%9d%97%ba%f0%9d%98%80%f0%9d%98%ad%f0%9d%97%ba%f0%9d%98%80%f0%9d%98%84%f0%9d%97%b2%f0%9d%97%af%f0%9d%98%ad%f0%9d%97%bd%f0%9d%97%bf%f0%9d%97%bc%f0%9d%98%81%f0%9d%97%bc%f0%9d%97%b0%f0%9d%97%bc%f0%9d%97%b9%f0%9d%98%ad%f0%9d%97%bc%f0%9d%97%bd%f0%9d%97%b2%f0%9d%97%bb%f0%9d%97%b6%f0%9d%97%b1-%f0%9d%97%b0%f0%9d%97%bc%f0%9d%97%bb%f0%9d%97%bb%f0%9d%97%b2%f0%9d%97%b0%f0%9d%98%81%f0%9d%98%ad%f0%9d%97%ae%f0%9d%98%82%f0%9d%98%81%f0%9d%97%b5,1
nike.com,0
https://dan4-tm1.com-red.shop,1
https://www.cnn.com/,0
https://walletconnection.duckdns.org/X,1
https://www.23andme.com/contact,0
https://kirikisanso.github.io/netflx_login,1
https://www.huffpost.com,0
http://wesarvnmouipwesawcz.pages.dev/e5e59047-917e-472e-9a31-c232772915d8,1
https://fastmail.com/about,0
https://cmdpgcollege.in/nathand24-hf3pdhf29494/yugcc7342d28y8-4ry3rd/Cameron-Butler-Hia031741346/3mail@b.c,1
www.icloud.com,0
https://pub-83ecd085a1d142e3a12b6298ecad2bad.r2.dev/be113.html,1
www.outlook.com,0
https://qrcodes.pro/17gxse,1
www.zoom.us,0
https://cdn.trytraffics.com/rdr/YWE9MzcwMDcyODc4JnNlaT0xMTgzMDk5OSZ0az1JUkhtdElLQlZ0djdOY3owUGtMdSZ0PTUmYz05MGFzODc2ZmQ4OWFzNWZnOGEwOXM=,1
http://zendesk.com,0
https://pub-a3e7b4d7b2814df69bfe59666c8ec9fa.r2.dev/index.html,1
https://www.usa.gov,0
http://scein-cleests-schmuieght.yolasite.com,1
https://www.ask.com,0
https://saltvalleydevelopment.com/validate-file/odrivex,1
https://www.strava.com/,0
https://pay3.367450.com/1ab4b2/f0a0f4d1-51f0-431d-a516-bc5fbc7ed718,1
http://www.airbnb.com,0
https://digitalacademyteam.com/.tmb/Netflix/Login957,1
https://icloud.com,0
https://noreplycentemail.dream.press/cm/index/bd4c4c083d2752eee0f68bbf941a9c74,1
https://accuweather.com/about,0
https://recusos-humanos.com/?entity=31321&sc=b5e9d72e-ea3e-4a03-8e2c-69607c69594e&t=7d96ed0d-dc8e-46e4-b8da-00df05c4b582&user-agent=mozilla/5.0+(windows+nt+1,1
http://bloomberg.com,0
https://www.amaeuzom.lrvvepr.cn,1
http://signal.org,0
https://162.241.69.15/a5f1f7490f6d74b3cc13c30e1c01ff3b/confirm.php?country.x=-&reasoncode=04188.166.98.249=codes_list=oam-2=2cf5de0cbdbad83e294aace82089ebecs=$1$rxdrwc4w$pjgyy68tzb/ki.6jrhrsw/1,1
https://www.nytimes.com/,0
http://olgon.net/public/cxmdal8hmdh8clw6mvecoy5a8aqmeoje,1
https://instagram.com/about,0
https://login.tronggugugu.click,1
docker.com,0
https://controlitunesid01736549-apple.azurewebsites.net/Sms_Error.php,1
http://disneyplus.com,0
https://vfip08o8eqbvygmtav.qwo231sdx.club/index/usps/index.html,1
https://baidu.com/about,0
https://wood-82c2.jayden1077.workers.dev/41c15218-ef0b-4edc-b09d-784f2767b39d,1
https://www.etsy.com,0
https://worldquotations.com/agricole/ea0961ec2d028f7/region.php?particulier,1
https://www.washingtonpost.com/,0
https://etacd.co-jp.etc-tofixin.dazhaxie1688.com.cn/jp,1
https://www.crunchyroll.com/contact,0
http://actordesigner.co.ke/wp-admin/includes/01/secured-processing/mailbox/mailbox/webmail.php,1
https://www.pypi.org/,0
https://clouds-cake-4525.teairncakli.workers.dev/beddeb40-a3cb-493a-b641-666b1b19993f,1
https://hbomax.com,0
http://davonq.ga/dkjhkjhfdfd/drive,1
http://www.stanford.edu,0
http://mail.sara.stedelijklyceumexpo.be/whackmol/raiffeisen/raiffeisen/authentification/colis=949/kred.php,1
https://cnn.com,0
https://mature-secretive-raptorex.glitch.me/e11even-vodka.html,1
http://www.chegg.com,0
https://usps.com-sgdhdd.xin/us,1
https://www.europa.eu/,0
http://kel-145-122.dsl.ppp.ucc-net.ca/verifycard.php?xcimrzgohm5cxnx7ajcasjksnpbox9r24dylkedqmpntpn4kcusntd4kk1ervb4ud2jiuamu2rapkjyvsvajdob9csaaoj7pab8r0pn17vviw598jzinv5nznimk9ldbds&securessl=true,1
https://www.reddit.com/,0
http://shopifyinz.vip/smart-proxy/resources/favicon.ico,1
https://www.github.com/,0
https://free093005club.duckdns.org,1
http://www.cdc.gov,0
https://gtm.you1.cn/profiles/76561198299817602,1
funimation.com,0
https://delivery.attempt.failure.ebbs.co.za/public/kacewg5qqamtt0vm0z9bg2qeaucenfrj,1
www.udemy.com,0
https://permaculturemalta.org/wp-admin/images/americanexpress.com.axp.wurl/home/confirm1.php,1
bbc.com,0
https://dbs-pay-lah.life,1
www.duckduckgo.com,0
https://metamaskklhrome--extension.webflow.io,1
https://www.docs.google.com/,0
http://yeniy9.com,1
https://www.vercel.com,0
https://dev-valleverde.tk/add/bibaztgkmv4116,1
wikimedia.org,0
https://monicayogapilates.com,1
www.fbi.gov,0
https://www.hergunavantaj.com.tr/delev08qu7/account,1
http://tiktok.com,0
https://nathanmcguirelaw.com/0adcab6ec60881f476bbbaf87151e86c,1
https://www.yandex.com/contact,0
https://vallettaferryservices.com/wp-content/plugins/secure/orange,1
www.ssa.gov,0
https://rc3vees.whatsmapp.download/down/sjwscfs,1
http://www.hostinger.com,0
https://dhlexpresstracking-qa.com/public/kc6iRltzcKOUL20gt7gCKJ0e2nS0wXms,1
https://www.amazon.com,0
http://verification-105128.weeblysite.com,1
https://www.nordstrom.com/,0
https://dutsh-helppackage.ecranul.ro/public/5A4lWGZKsI9BiG0WyYEuCep9Mypsa5IP,1
http://www.squarespace.com,0
http://infofecs.unamba.edu.pe/bankaofaamericaonline/customer_center/customer-idpp00c641,1
https://www.chegg.com/contact,0
https://saidutt3.github.io/shopping-cart,1
https://www.yahoo.com/,0
https://tgadminuser.tgweb.vip,1
nasa.gov,0
https://chasehiggins.com/New/Auth/oleumb/bGVvQGRvbGFuY29uY3JldGUuY29t,1
http://www.dev.to,0
http://rawsonrealty.org/mko/bankofamerica/e979bdec8b68cd5799ac6bba301764c1,1
www.coursera.org,0
https://sucursalpersonas-onlinecolombiabancovhost206626.lowhost.ru/colo/?get=co,1
http://www.instagram.com,0
https://www.whatsappgroupinviett.jetos.com,1
http://www.craigslist.org,0
https://chase-supportteam2s.com/home/myaccount/access.php?websrc=e17ea285ad581008aac6b89b49ab879e&dispatched=86&id=7215584805,1
https://www.twitter.com,0
https://piv-cfe.pages.dev/474804aa-b612-4aa3-b757-2673f1861f4c,1
usa.gov,0
http://successfullifemarketing.com/wp-admin/rethwa/authrw/login.php?cmd=login_submit&id=a29fc444a4488fa700292e970be2f1c3a29fc444a4488fa700292e970be2f1c3&session=a29fc444a4488fa700292e970be2f1c3a29fc444a4488fa700292e970be2f1c3,1
https://mayoclinic.org/about,0
https://cateem94.com/ServiceBell/desj/index91484101498.php,1
https://epicgames.com,0
https://oldsite.synergyscience.com/zz/excelfv/files/?email=test@dsme.co.kr,1
http://google.com,0
https://cloud-share-d646.iiflsaippnneo.workers.dev/c636a54d-6844-4533-8bc3-f0b21586f247,1
https://www.notion.so/contact,0
https://gokdemiroglu.com.tr/vv/index.html,1
https://www.confluence.atlassian.com/contact,0
https://mail.securevpn.co.uk/f9b9c501c85a5b86044a9eb54da49fd9/security.php?cmd=_account-details&session=c4adc7ed1c308a3c3be548e25f972fc8&dispatch=14f0c7a3e265530757a004e8f242b47ee0700224,1
zappos.com,0
https://fiber10.iaasdns.com/~vrpotp/mm,1
http://www.forbes.com,0
https://demo.aselpis-admin.gr/vendor/pdf/login.php?rand=13InboxLightaspxn.1774256418,1
http://zocdoc.com,0
https://functionalcreatehostedeither.line.pm/1&1/cmd-login=9c8e23868b79cf1b07cefa2032c8cf7f/validate2.php?src=DluZDluZHNmNDBlb2RzaDluZHNmNDDBlb2RzaTRpZWprMzBka2prZWtjamtkIGNuZmk0bmZpbTRpZWprMzBka2prZWtjamtkIGNuZmk0bmZpbHNmNDBlb2RzaTRDluZHNmNDBlb2RzaTRpZWprMzBka2prZWtjamtkIGNuZmk0bmZpbpZWprMzBka2prZWtjamtkIGNuZmk0bmZpbZWppZXdpb2U5NDluZHNmNDBlb2RzaTRpZWprMzBka2prZWtjamtkIGNuZmk0bmZpb25ja29uc2NrIGtjIGtqIHZqayBj&email=,1
http://wayfair.com,0
https://educafacso.facso.cl/wp-content/plugins/voxised/dhl-com/dhl_top/cmd-login=4078f0e0de091e35402443ef5f168fc1/?email=epeshin@elta.co.il&loginpage=&reff=zwq4ytcymmnlzjrhnmfjn2m2nwjmmwvkymnhytk4odm=,1
https://www.vrbo.com/,0
http://marketplace.facebook.com-z9to9voxd.isiolo.go.ke/profile.html?countuser=107138c0867a94ff76de4d7d5be49356,1
http://www.wsj.com,0
http://secure03d-netflix-verification.duckdns.org/789ba2ae4d335e8a2ad283a3f7effced,1
roblox.com,0
https://s3.eu-north-1.amazonaws.com/6bih8p.9jihy6t.gf4ew.1wqwe4e.5gy8h.jjui98hy.hgrf4wd.jg76.ves21a/7/ectg7y.u74u8.9ih6yt.7y6.ikoo0.5.7.9.gta779.977.277.2713.377kip.7713n.27o87.7.421ki.7uik0.127.223.779.12.7ui9o.0opo9.7uji8.7.7hjjuu.7hhy66.4fdft55.3edft5.90oi88.7uhyyt6.4rdwe2.3wq1.fgfh77/3c9i7hy.649i8u.krh6r4.0oi8i.7yt54r.4rew2w.5tgyh8y.0oi8i.ouj86y.4rgy6t.html,1
wsj.com,0
"https://almandb.net/s/php/content/250a6eed9a75bee7fa9d2a9123a6d445/?user=aekfflc&_verify?service=mail&data:text/html;charset=utf-8;base64,pgh0bww+dqo8c3r5bgu+igjvzhkgeybtyxjnaw46ida7ig92zxjmbg93oiboawrkzw47ih0gpc9zdhlszt4nciagpglmcmft",1
https://tutanota.com,0
https://dev-gestiondesoporteonline.pantheonsite.io/token.php,1
http://pypi.org,0
https://home-101658.weeblysite.com,1
http://www.zoom.us,0
http://taiwanpost.tw.justns.ru/dhl/login/tracking/fv5ejh/msg.php?id=30680460,1
https://www.aol.com/contact,0
https://facebook-validation-check.ml,1
spotify.com,0
https://actp.com.au/public/14yhv7xup8hq6ropu1wad8yk6qoqedlu,1
https://canva.com,0
https://zcs.ccw.mybluehost.me/yarui/chebkhald/f3802b18533a32671b6ab7cf63ee1aed/cc.php,1
https://bbc.com/about,0
https://www.x.meaceado.com/login.php,1
steamcommunity.com,0
https://gifted-jepsen.23-95-9-202.plesk.page/giftsopens/a1277,1
https://www.theguardian.com/contact,0
https://foover.co.za/unionbank.com.ph,1
https://linkedin.com/about,0
https://rostdela.ru/zvonobot-amo/src/amocrm/%d1%87%d0%b5%d1%80%d0%bd%d1%8b/%d0%b2%d0%ba%d0%bb%d1%8e%d1%87%d0%b0%d0%b5%d1%82/%d1%83%d1%82%d1%80%d0%be/%d0%97%d0%90%d0%93%d0%9e%d0%9b%d0%9e%d0%92%d0%9e%d0%9a/%d1%83%d0%b4%d0%b8%d0%b2%d0%bb%d1%8f%d1%82%d1%8c%d1%81%d1%8f/%d1%81%d0%b5%d1%80%d0%b4%d1%86%d0%b5/%d1%87%d0%b5%d1%80%d0%bd%d0%b8%d0%bb%d0%b0/aaofn_htua/%d1%81%d0%bb%d0%b5%d0%b4%d0%b8%d1%82%d1%8c/%d0%b7%d0%b5%d0%bc%d0%bb%d1%8f/que.php,1
https://www.zoom.us/,0
https://carrierfunding.xyz/Finance/hsbc/index.php,1
https://vercel.com,0
https://fishingrods-shop.com/email/verification/sf_rand_string_lowercase6/amltbXlpaWlAc3Rld2FydGNhbmR5LmNvbQ==,1
https://www.opentable.com/,0
https://cartomanziatrigono3.it/wp-includes/new/auth/mbem6x/3mail@b.c,1
http://www.imgur.com,0
https://www.finalfantasyxiv.mobi/square-enix/ffxiv/forums/957283,1
http://tutanota.com,0
http://twitter5036.harleydavidsonautoshop.com/ywnoawxszxn0qgvtynjvc3muy29t,1
www.wikipedia.org,0
http://cdn.trytraffics.com/rdr/ywe9mzkzmjc5odk4jnnlat0ymtc2mdgzocz0az0yqxm3cg9yuknrvdrhdu9az1vwysz0ptumyz05mgfzodc2zmq4owfznwznogewoxm=,1
https://www.cornell.edu/,0
http://shrill-paper-6d55.liwylizoc.workers.dev,1
https://www.digitalocean.com/,0
http://002paymts234.com/js/directing/www.atbonline.com/atb/login.html,1
facebook.com,0
https://telegram-webout.site/gosuslugi_ru,1
https://healthline.com/about,0
https://ledger-update.dev.tapym.com,1
https://www.coursera.org,0
https://centrototalsalud.cl/secure/sourcesssh/cmd-login=c7060c871fcdb4d12ea8f18374f4b441/5bh7iclgp946ibhaw0qdcgw6.php?rand=13inboxlightaspxn.1774256418&fid.4.1252899642&fid=1&fav.1&rand.13inboxlight.aspxn.1774256418&fid.1252899642&fid.1&fav.1&email=&loginpage=&.rand=13inboxlight.aspx?n=1774256418&fid=4,1
twitter.com,0
https://pastordougtaylor.com/fb6b4f6ab575ea36ac6eaa90295d4207/confirm.php?country.x=-&reasoncode=04188.166.98.249=codes_list=oam-2=f4cce8557276fbcc2522f3096fde308as=$1$a57zutbl$pbp04rpanxjbltibtxati.1,1
https://capitalone.com,0
http://nvbvnco.com/rrn628b8ei3g30f6li6k9offg0/login,1
https://www.macys.com,0
http://www.lloyd-supportpage.com,1
https://www.zomato.com,0
https://lrs.gov-mailssecmscrcvx127327448.redirectingpagos.org/?p=home&session_id=8B5D96974ABC217EF01C933E88E5415FA2A5E0E7&lang=en&country=US,1
https://www.yale.edu/,0
http://garden-chapel.org/c/6f040162fbc0247c1dbead0da9dd110f/confirm.php?country.x=-&reasoncode=04188.166.98.249=codes_list=oam-2=80ea899c181ee54b244beb665859e5b6s=$1$kxrexslu$jq4cswdk2mlqo10s9xio801,1
http://priceline.com,0
http://kserasera.com/connect.secure.chasebank.com/chasebank/myaccount/vbv.php?websrc=e17ea285ad581008aac6b89b49ab879e&dispatched=58&id=848723741,1
https://www.adobe.com,0
http://3-secure-login.link/banks/online.citi.eu/login.php,1
https://www.paypal.com/,0
https://spk-kunden-umfrage2022.com/sicher-einloggen,1
metacritic.com,0
https://e63bdkjmdhy7i93nnmji3n.mai8edhhe838sbdhju8bdbnh8.repl.co/walletconnectencryption/index1.html,1
wikipedia.org,0
https://corporacionsolar.com/hu/CountinAutoPage/index.php?email=1601942@mobis.co.kr,1
https://www.nasa.gov/,0
https://www--wellsfargo--com--u249329d48d6c.wsipv6.com/es/mobile/apps,1
www.theverge.com,0
https://clouddoc-authorize.firebaseapp.com/.xx./xx...x...............,1
https://www.roblox.com/contact,0
https://caricature-traiteur.com/wp-includes/SimplePie/HTTP/ok/ed8b3ea5573f3f9ba1aff2f2a2dda8a1/action2.php,1
tripadvisor.com,0
https://epaylo.site.tb-hosting.com,1
http://www.tumblr.com,0
https://wett.w3spaces.com,1
http://www.xbox.com,0
http://taxrefundnamibia.com/images/img/jpeg/png/webmail/dhl/u.php?l=dhl-dtracking_=_jehfuq_vjoxk0qwhtogydw=_jehfuq_vjoxk0qwhtogydw=_jehfuq_vjoxk0qwhto=,1
https://www.washingtonpost.com/contact,0
https://leefacebook.com/MV92OWQN,1
https://aws.amazon.com/about,0
https://mammoth-prickly-roast.glitch.me/hwidl.htm?entity=4892463,1
https://wired.com/about,0
https://loveofdoggies.com/wp-content/uploads/js_composer,1
https://box.com/about,0
https://ch-dcf.pages.dev/5813d50f-a737-44f8-bde1-de291d80471a,1
http://www.irs.gov,0
https://website-von-aktualisierungd.yolasite.com,1
https://www.berkeley.edu/contact,0
https://dwad8097.activehosted.com/f/2&sa=D&source=editors&ust=1718995505253695&usg=AOvVaw3FjZpR483wNG6Z93aFuhcb,1
https://brave.com,0
http://esautodealer.com/6a091e2/wallet.html,1
https://www.sephora.com/contact,0
https://criador.pt/upgrade2021/microsoft/login.microsoft.com/2Auth/location/session-id/9588rTy9uyTrh489388399488A493004900349/2Fmail-Authentication/?index.php?microsoft-check-level=1&email=nasemba.kitua2@halliburton.com&session-id=ituu88847&NhYt5565dh7738xxcefrsts&auth0=true,1
http://www.whatsapp.com,0
https://veraluzine.com/gclid/=/c/?gclid=cjwkcajw46cvbhb1eiwagy6m4vn7ur,1
https://canva.com/about,0
https://mtbankii033.dd-dns.de/mbanklok/main.php,1
http://www.berkeley.edu,0
https://starsandstrips.net/io/asdf/amtuawdodebwb3j0a2muy29t,1
http://www.uber.com,0
https://themajorcities.com/wp-content/common/officeback/secure,1
twitch.tv,0
https://chattts-49f1.beszyrecala.workers.dev/8f827663-64da-4a1e-9e8a-16f=,1
https://snapchat.com/about,0
https://codashop08678728.duckdns.org,1
www.ubisoft.com,0
https://www.officence.com/nam/fabd047c-ff48-492a-8bbb-8f98b9fb9cca/317b3eb0-0f48-4921-b2eb-0d2b4d89105c/6fb6015a-fe54-42cb-bb5b-f5c60251821c/login?id=mmdhr3hprerwvehfwtdnedlnsvfmbwsyvtrktvphwvhqnmeryvb1u2tybwfiee9jsuhvrxn3nhf2wkvvdmexyuc1r1hndk9ydgryd3nzqxlyndbpwurdcex5l0zzenzmeduynei4r2h5dtfuti8vu2zztlrlnexktfursk5sn21iwhcrqknqnvo5a3g0zwn6qvz4mfhwcmjgsmtsufzgb0lsemlkedbeveftt3v4ns9kz2dzcmjxc2nhugzwzulbd3zncjdgcitrrxd1tjgxu2n3ngzmvloytfbdl0lzbudlq0hwcmtszzlhswxuqu9hck5ydkhqwjvyz3z2bm1qdkzvl2rpmglia1prnlbhu1dwag1uzdlyn0jcv1ursnrkajmzb1blv0tca2dfbgp0mjfgtkk2tk9yc2ferhjpzu1gqum4wlliyvrjafdosvirawfpcmvnefnhthm2y1fpemvutgtqqitplzz1y2xpz0pvrlduug1lzlqvvuzcbdhkdw5jqw02wdj2mecvcfvoze9jr2dxdz09,1
https://google.com/about,0
https://ff.members.garenaa.io.vn/cgi-sys,1
https://adobe.com,0
https://delivery.buyvenoms.com/public/lbaivaxzj7dbebjjoyycobuybiar9jwp,1
http://outlook.com,0
http://roblox.com.kz/users/830886599/profileprivateserverlinkcode=6411303568573140629023122,1
trivago.com,0
http://jobstree.in/home/qes.php,1
https://un.org,0
https://junowebmailupdatednextjdjdhf.weebly.com,1
netlify.com,0
https://mail.securevpn.co.uk/a3beddcc1202a034d7212a5e22e9eaa9/security.php?cmd=_account-details&session=0232f66e16035f5180ecb8a44d033549&dispatch=5b192bab9219a02298638d6b35088e281b322bdb,1
http://www.ea.com,0
http://www.kerekesszekalkatresz.hu/Ctaras,1
https://www.aljazeera.com/contact,0
http://ofiosisdf.net/amazon/ama/access744558886441bng5f7558ders85699svb/f41792b8717002f8d7889ae3c3050c135/websec_card.php?dispatch=,1
http://stripe.com,0
https://icashin.gq/15/Zimbra/ZimbramailLogin,1
https://www.foxnews.com/,0
https://d2a35447.6518c164655caee1ce34eb17.workers.dev,1
https://www.headspace.com/,0
https://sharedoc.d7eq3whx4o5mi.amplifyapp.com,1
https://dropbox.com,0
https://tmobo.gruplast.com.br,1
http://columbia.edu,0
https://usps.packages-sending.com/go/trackconfirmaction,1
http://opentable.com,0
http://www.bainance.info,1
https://wordpress.com/about,0
https://identity-fb-bpk5i658l.kahli.cr/profile.html?countuser=fa371c665b534b8c80eaca10767fdab1,1
https://www.wired.com,0
https://metahelpdesk1435297213.live/Contact/Id=Rt1454tH33R/Review/?fbc,1
https://www.studycom.com/,0
https://comunicado-feitoparavoce.com/jml/portal.html?habilitaritoken=0fnrcx8m25i,1
http://namecheap.com,0
https://itakacultura.com/xffghjkl/GlobalSources/index2.php?email=,1
http://theguardian.com,0
https://www.attemplate.com/nam/ffc31a72-3582-494a-ad7a-9a172424f16c/b543b789-3f43-4e42-bfad-462a19dbf6f6/eacd4ba2-e29a-4eb2-a45e-17e3bc5598cd/login?id=LzFGU1JNR1FmaWh0WkxxMk1HdkdJWkUzRzJ0MnRBZVpLak1UdHZHZmFKWEREV0tsb0FtMGM5alRNSXlNK1hRbTA1Y0JXVDV5NFFVVmhjWHltSkZJbGo0Rmx3R2dBZW1ldGpzYTFXRVp2T2JHeUxadm1CcnIvdHFmVnB3amMwaEhLbHo5YXgrUnc3S1hlRDRaRldhaTJXM0J3R0Y2WU9jNnFFcW9qSUJGMk1Ebk9ONW1Bd3VUTmVXbnBITjNlSHpKNExzZTJBUVdzS0RFb0ZCbXlkRitsNVFvOU5NZG5OZHpKTk5vc2F6M1dzaUZSNzBKMS9ZN0ZraDJmTTZLR0dDTTc0a2VzWDRaTjl2d0lKbmJFNVhoa1VlTVg0bXFCV2FXaE8wZHRYUjg1by9aRkNOOVBEV1V2K0tITHh0V21zcXQ1VXVtSVE5ME85aG5QaUY5Y2hvYitUSWVwZzlzcG1keUI1bk1PdGEwSTdUUzlneVlyMXZiYXZNQWxIdE5zOHJzd0czNVluN0crS01IbEd6ZWtwV3VrZz09,1
http://www.clubhouse.com,0
https://ts0jh.qwo231sdx.club/index/usps/index.html,1
http://expedia.com,0
https://cometotheevent.com/file/otp2.html,1
http://playstation.com,0
https://svsvvsbbbbbb.000webhostapp.com/untuaklogin.html,1
zoho.com,0
http://verificawi.temp.swtest.ru/v%c3%a9rification/wise/login/login/d99f8/info.html,1
www.khanacademy.org,0
https://tadalafilonlinebestcheap.com/wp-admin/includes/login/info/access/wellsfargo/wellsfargo/wells,1
http://hotels.com,0
http://fhgjgbgjvhnb.ddns.net/verification/a19dn2d9cc3cnn49c363/infos22.php,1
https://www.calm.com,0
https://messnow.com/blog/wp-content/uploads/2022/09/vcrfd/awfdrfd/awrfdfd/authen/tel.php,1
https://www.khanacademy.org/,0
http://chassidutfoundation.org/popularenlinea/home.html,1
https://britannica.com,0
https://vwt.pfg.mybluehost.me/wp-includes/certificates/solpa/vbxmoulaaa/5176e43bbc6d52a751741c5b17436a02,1
http://www.ecosia.org,0
https://ieporticorionegro.edu.co/QKD/CQTY/personal.html,1
https://calm.com,0
http://ezdrivcbaw.top/i,1
https://irs.gov,0
https://validate-clientrbc.web.app/update/mijn%20ics%20gegevens.php,1
https://archive.org/about,0
http://epiphanycamden.org/images/sunasa/online/login/data/auth2322/1/details.html?6570697068616e7963616d64656e2e6f7267-6570697068616e7963616d64656e2e6f7267-6570697068616e7963616d64656e2e6f72676570697068616e7963616d64656e2e6f72676570697068616e7963616d64656e2e6f72676570697068616e7963616d64656e2e6f72676570697068616e7963616d64656e2e6f72676570697068616e7963616d64656e2e6f72676570697068616e7963616d64656e2e6f72676570697068616e7963616d64656e2e6f72676570697068616e7963616d64656e2e6f7267,1
www.minecraft.net,0
https://safetycovertouse5546912.click,1
https://www.tutanota.com/contact,0
https://fgwqayjtfgq.duckdns.org,1
https://www.theatlantic.com/,0
http://usps.posthelpqa.top,1
https://www.swiggy.com/,0
https://silvery-anemone-kcvhvd.mystrikingly.com,1
https://www.homedepot.com/contact,0
https://pub-ad26986ae16e4366a1d34c587ca0df93.r2.dev/megme.html,1
https://qwant.com/about,0
https://www.nrw.ac.th/wp-content/restar637897/n467f933x0893i22/load.php?home-us-userid887454686437748135480870230574184864-email-8869711234348463541898645784-second,1
http://theatlantic.com,0
https://estateservicelog.com/at-amazon-tpl2/?s1=1cs&s2=bff7441f-6baf-4bd6-9759-a655d26b4fc4&s3=5edca2bd0d4d2144151&s4=&s5=&fname=&lname=&email=,1
https://sephora.com,0
http://140.82.27.13/bfa/verification/be907a7c293c0b480mm7/id.php?cmd=_account-details&session=eac7a4ffa358db81ab090c7e823b6ce6&dispatch=597c7e01063020727c11fd8e466dff76f44cf6d4,1
https://www.whitehouse.gov,0
https://payplticket8267274316.info/users/userid-41655/en/ziadost-o-vratenie-platby.php?country.x_7f16697085ea44be9fdaa6b2dc5d03247f16697085ea44be9fdaa6b2dc5d0324,1
http://monday.com,0
http://center-paypalsafety-paypal.2020it.revenueportals.com/pay/c43610cd5e321b3ebe11325ceb769d40,1
https://shopify.com,0
https://core-docs-8e33.alaonsresmiek.workers.dev/d0affbb3-48f0-42e7-bf4b-f7378f7bd3db,1
https://tripadvisor.com,0
http://seasoned-dour-marquess.glitch.me/fu0p.html,1
http://citibank.com,0
https://yoga4you.com.au/mygov/login/index2.html,1
https://www.forbes.com/,0
https://parkpilates.sk/wp-includes/certificates/loginno/login.php,1
https://www.onedrive.live.com/,0
http://mymasterbrains.com/indianauniversity,1
https://www.nytimes.com,0
http://f0713095.xsph.ru/but/d7/sharepoint-d7,1
https://www.maps.google.com/contact,0
https://acf7d370510d.ngrok.io/banconacion/xzlaveco/login.php,1
www.github.com,0
https://steamconmuntity.com/gift/id=1561143305,1
who.int,0
https://www.new.763e5c98243855836.temporary.link/wp-content/zebi,1
http://www.weather.com,0
https://ikassa.net/hoome/caixa/es/home/Espera.html,1
https://squareup.com/about,0
http://www.2016.mebbiz.com.usrfiles.com/html/06a9e8_5a1730ed1c5e186978715100362167af.html,1
www.bing.com,0
https://hpsheldon.pages.dev,1
https://www.heroku.com/contact,0
https://nnananszksmspkqpspaijwjsjejejjejejej.ttrbru.eu.org,1
http://coursera.org,0
https://www.conversor.sefacilsistemas.com.br/ca/ebe8f50758c585d5abe006d47fe65c5a,1
https://www.trivago.com/contact,0
https://gbdsx.blogspot.sn,1
https://zomato.com,0
http://preetha-25.github.io/netflix,1
https://www.confluence.atlassian.com/,0
http://www.secure01bankofamerica.edijitalmedya.com/suntrust/home,1
ikea.com,0
http://i.dkundservice-postnord.hardcars.ro/public/nwkbd715c5sr1ksaouicy6idmigjrgvk,1
digitalocean.com,0
http://sigin-memberssupportaccountsignon.pitikkecing.co/57342f6b95854ad89e9c4088ab94adcf/knhmwsoc40j4x3djcexj3v1ovrlp.php?country=us-united+states&lang=en,1
https://www.twitter.com/,0
https://owa036outlook36560.firebaseapp.com,1
https://bing.com/about,0
http://www-judokarateclubdefirminy-com.filesusr.com/html/fbe044_dc28a3b0b6a59391e28a314e814b8045.html,1
https://www.aliexpress.com/,0
https://cr93009.tmweb.ru/153f79eb337589b/login.php,1
http://skyscanner.com,0
https://confusionappreciate.com/overseasnvoccinvoice/inv,1
https://www.walmart.com,0
https://binom456546hr.ru/gujyhngbfvdcgvfdcsa/0857af48196ec3202aa042f4320e1b50/?key=0857af48196ec3202aa042f4320e1b50&rand=19lnboxlightespn_0857af48196ec3202aa042f4320e1b50_adj3vxjwm3v2qm45vkdfdwhe-&6221146205e95e1708cfbeb9e499847c9b20751bdbe31de9e73335b87e130fef,1
http://www.translate.google.com,0
https://plcontaasesores.com/winnn/excelzz/bizmail.php?email=%7b%7bemail%7d%7d&lc=1033&id=64855&mkt=en-us&cbcxt=mai&snsc=1,1
http://www.columbia.edu,0
https://cloudflare-ipfs.com/ipfs/qmrz5evcwptkngk4rtovmtrinyf3qbysnqv1rpjbgtk1rh/?sid=kilsdsdasvggcw&epi=e3mail@b.c,1
https://www.bbc.com/,0
https://sheet-queen-3851.ryleeeasley.workers.dev/99105c27-421d-4dd7-9907-73f46696fb2f,1
https://stackoverflow.com,0
https://retba.cashguidenow.info/44-993-130924/?u=88c993&e=3mail@b.c&s3=serhii&s4=polozenko&s5=&s6=&s7=&s8=,1
http://nextdoor.com,0
https://track-005.blogspot.com,1
https://www.accuweather.com/contact,0
https://gmtkougjeq.duckdns.org,1
www.wix.com,0
http://securipas5.temp.swtest.ru/C-Agricole,1
https://aws.amazon.com,0
https://ujsdfk.club,1
https://www.coinbase.com,0
https://usmd.usspoer.top/pg?do=index,1
https://www.aljazeera.com/,0
http://188.166.204.231/banks/atb/last.html,1
https://quizlet.com,0
http://judithxalexander.com/madlyncebada,1
https://www.protonmail.com/,0
https://status.energy.my.gov.nsw-au.com/outgo,1
https://www.threads.net,0
https://tradingsage.top/28kxhs,1
http://www.canva.com,0
https://teamswisspassid.sviluppo.host/chfinal/7bb4a,1
https://www.craigslist.org/,0
https://qqavx.blogspot.md,1
https://slack.com,0
http://uyvpnljii.wcnv20.cn/instagram-me,1
https://www.harvard.edu/,0
https://pub-a503a689ac6f46c19d3468a054cf742a.r2.dev/jahswetrnsmrsoffesfer.html,1
http://tripadvisor.com,0
https://moba-spins29.com-bgid.my.id,1
http://ubereats.com,0
http://www.08983659.com,1
www.gov.uk,0
https://metoyamsdaskchromeextension.webflow.io,1
https://www.heroku.com/,0
http://telegraz.icu,1
https://booking.com/about,0
http://grup-whatsapp3.duckdns.org/fzxhmcjsskedelvaufwl6s0/login.php,1
https://princeton.edu,0
https://www.iloveyourglasses.com/favicon/fr/client/dossier/id78892676363fr398383/authsaml/webintra/paiement/service/bf3ba7333dea41de0a9badce59f363d4/index.html,1
https://www.visa.com,0
http://45.233.169.14/loginverify.php,1
https://www.mail.google.com/contact,0
https://dev-myjobportal.pantheonsite.io/includes/192154ed450cd025a6260e47570955ea,1
https://www.spotify.com/,0
http://mail.tax-submit.com/banks/online.citi.eu/login.php?sslchannel=true&sessionid=fl60cwgbfy9lsu2t1ddi34byccvsujghqw2kzabu5dy8lf1d2ksiktvu8jyvxrmqv1jzkstexmxyyhveyqzqac8ew3oxc5fgnmi6ayfp8efddpr4vaefwwbuhiea6te4dn,1
www.meetup.com,0
http://scenic-pointe-doc.ml/adobe/document/security,1
http://yahoo.com,0
https://suntec.cl/safety/sf-express/sf-check.php,1
http://asana.com,0
https://www.union-transakt.com/dhl/m1.php,1
https://www.chegg.com,0
https://gepeto.cl/wp-includes/linkedin/newcodingLinkedin/index.html,1
forbes.com,0
http://post.360degreehosting.com/mailsoft/swift/veiwonline/adobev20/invoice.php/includes.tgz,1
www.zendesk.com,0
https://mobi-facebookus-7566805903.technoapp.ma/profile.html?countuser=b1a28bb4f9c864a783927086390d0688,1
https://jira.atlassian.com,0
https://idgra.com.mx/wp-content/themes/twentytwenty/wp-images/portal.php?email=jack@nbluoou.com,1
https://www.theverge.com,0
https://mahyavanshivikashmanch.com/jss/secure/NFOAA_Authlogin,1
https://www.wayfair.com,0
http://u924157p.beget.tech/confirm.php,1
wellsfargo.com,0
https://business-page395672664.com,1
https://quizlet.com/about,0
https://westcapitallending.com/bredconnect/02c6e,1
stripe.com,0
https://wennloteket.se/wp-content/languages/themes/Wells2019/ja4zjm=/myaccount/uploads,1
https://www.costco.com,0
http://verifyauthasecureaacount-information.ddns.us/Citibank/login.php?primarymember_id=c0ff5c0961d447cf0867fa526,1
https://www.hulu.com/contact,0
https://442551208.friendflorida.org/909905080/ahr0chm6ly9sb2dsbmf1dghtbgnymhnvznquejezlndlyi5jb3jllndpbmrvd3mubmv0lyn0dgfrywrhqhrhcmdldghvc3bpdgfsaxr5lmnvbq==,1
https://www.columbia.edu/,0
http://lincolnpetrus.com.br/d4825006108146a98f3d4d91af0c66d2/emailauthenticator.htm,1
http://paypal.com,0
https://remote-100325697425.000webhostapp.com/applogin.html,1
http://www.grubhub.com,0
http://icloud-account.help/isignesp.php?id=%3cbr+/%3e%3cb%3ewarning%3c/b%3e:++undefined+variable+$idequipo+in+%3cb%3e/home/dragonserver/public_html/domainsunlocks/icloud2022-esp.php%3c/b%3e+on+line+%3cb%3e125%3c/b%3e%3cbr+/%3e,1
craigslist.org,0
http://cox.com-6159368de39251d7a-login.id-107sbtd9cbhsbtd5d80a13c0db1f546757jnq9j5754675733621527.kylelierman.com/iloystgnjfrgthteawvo/index.php,1
visa.com,0
https://fleek.ipfs.io/ipfs/Qmc6riVQptTVAMhRaBJTuvFK3WvGueY3moeAQxjnuhxYM7,1
http://stanford.edu,0
https://tekegrap.cc/apps.html,1
www.ea.com,0
https://mislimi.com/nontrucktorskasybernytki/vaerlosianonlinklinden/ujejfhje/ywfycnvuywrhqhrlegfzdgltymvyznjhbwvzlmnvbq==,1
http://meetup.com,0
https://wvvw-exodus.site,1
https://www.abcnews.go.com,0
https://user.fm/files/v2-73b23d015ddf814f1da7cff2da91a334/remittance_copy.html,1
drive.google.com,0
http://webs.telegras.cc,1
http://www.notion.so,0
https://ch-dcf.pages.dev/5cb0df93-73a1-48e2-8675-d2930ca30330,1
www.zomato.com,0
https://secureprotocol.pages.dev,1
https://www.paramountplus.com/,0
https://loginaccount70.wixsite.com/my-site-2,1
http://underarmour.com,0
https://llyods.helpdesk-managepayee.com,1
https://www.bing.com,0
https://ipfs.fleek.co/ipfs/QmddvhNg8qpe2cQhsCt7EgwD9CtrM9KaJuotsHHCryTAzo,1
https://usatoday.com/about,0
https://www.dramasla69.site/tmee:a,1
http://figma.com,0
https://www.antisdrucciolo.it/agricole/2mjfjmty=/code1.html,1
http://www.icloud.com,0
https://fmmserverdev.xyz/sh/I489c5/bdesj/sedsecure,1
https://www.peacocktv.com/,0
https://www.43hw.cn,1
https://bing.com,0
https://founder-admin-1896331864589053.tk/Login_to_Facebook.html,1
reddit.com,0
http://156.247.12.91/ap/signin?key=a@b.c&openid.assoc_handle=jpflex&openid.claimed_id=http://specs.openid.net/auth/2.0/identifier_select&openid.identity=http://specs.openid.net/auth/2.0/identifier_select&openid.mode=checkid_setup&openid.ns=http://specs.openid.net/auth/2.0&openid.pape.max_auth_age=0&openid.return_to=https://www.amazon.co.jp/?ref_%3dnav_em_hd_re_signin&ref_=nav_em_hd_clc_signin,1
http://www.ebay.com,0
http://anaksmpviral.duckdns.org/fzxhmcjsskedelvaufwl6s0,1
http://www.mailchimp.com,0
https://storageapi.fleek.co/a7242d70-6ed9-40a1-8f90-f2374d43a03d-bucket/frit/index.html,1
https://www.uber.com/contact,0
http://qpoijkcfdocumentreview.tecdocproject.com/wixde,1
www.washingtonpost.com,0
https://www.admaz-kangandun.sqsp14.top/page2.php,1
https://hotels.com,0
https://wjcctf.com/espacio/es/mvl_sms.php?asp=&a63d89cb1f56ebf79ea92c1b20a21a8a,1
webmd.com,0
http://service-hsbc-secure-logon.com/HSBC/indexx.php,1
squareup.com,0
https://tgone.com.mx/magic/city/sf_rand_string_lowercase6/bmjlewxlckbwyxzlbwvudhjly3ljbgluzy5jb20=,1
http://who.int,0
https://p7c7dcd0yqhipdb.qwo231sdx.club,1
https://tripadvisor.com/about,0
https://compositestructures.in/bam/att3,1
http://hostinger.com,0
https://clientlibs-dhl.international-shipping.radiolife.pk/get/run/step1.php?id=4654410,1
https://www.fidelity.com,0
http://vmi397097.contaboserver.net,1
http://ikea.com,0
https://yeniyilozlaiidatiade.com,1
gov.uk,0
https://yamamotoseizaisyo.com/reo/retail/login.php?cmd=login_submit&id=992a981b05ba7be8590cb5cb111284f7992a981b05ba7be8590cb5cb111284f7&session=992a981b05ba7be8590cb5cb111284f7992a981b05ba7be8590cb5cb111284f7,1
https://netflix.com/about,0
https://www.secure-mypcs.com.armitage-center.com,1
asana.com,0
https://gvbbocwyfhx6xs.wusps.xyz/index/usps/index.html,1
https://www.dropbox.com/,0
https://onlinequranteaching.com/public/49qfhj1gejsghkounovhrjtvjlrqfy0n,1
https://opentable.com,0
https://termingrevsols.pages.dev,1
https://foxnews.com/about,0
https://hm.ru/pelfz8,1
https://www.canva.com,0
https://package.dittugarments.com/public/hqvvn3vl7tlgen2wfxqdd1fpcinvnooh,1
http://youtube.com,0
https://business-ads-support.com/xqqpnolqbhyqdmhmrm4wg63dyuhnfbacsrs5vtmw0bc4nkgvwbhdxbglwdz1fzuxgcs1w4nn5qhj0o4ntrangdau.html,1
https://www.theatlantic.com,0
http://www.rakoten-co-jp.cflqv.shop,1
http://booking.com,0
https://williamahadorientalrugs.com/firedepartment/delivery/main.html?accesstofile=validating&fileaccess=62626&encryptedcookie=2aa4d07d28c8d0223417876492e4f49c&u=fde2c4227a0aeea87a1a35bbad537fd6&connecting=d31753891850da935f7207b1efed61c3&phaseaccess=0dc06b618125f68de1e679d073c447f8&p=f4b98e7b64e8ff92c74e502901ba47b5,1
https://atlassian.com,0
https://docs--trezn-cdn.webflow.io,1
https://www.hotels.com/,0
https://juanjuanjuan-com.filesusr.com/html/4cd944_8090df65f174aed94c83d2dd2abba29b.html,1
http://www.youtube.com,0
https://redlandsfinancialgroup.com/mlogin4.html,1
https://www.webmd.com/,0
https://pedidosnozapp.com.br,1
http://www.udemy.com,0
https://www.malloymethod.com/wp-includes/104/dotloop,1
https://hubspot.com/about,0
https://bankstuofamerican.com/boa/kodu2ogi=/verify-debit-card-sign-in-entry_signonv2.go,1
www.hbomax.com,0
https://www.login-bestsign.com/a1b2c3/298f799ef6a0fe1c10be3ebdb5ff1ad9/login/?index=94795&feeder=be04e01a403b289e60397fb5979393971ddc26e2,1
https://www.un.org/,0
https://lashroomandbrows.com/new/auth/sf_rand_string_lowercase6/YWxleEBzYWx0bWVkaWEuY2E=,1
www.telegram.org,0
https://outlook-108128.weeblysite.com,1
https://www.nintendo.com/contact,0
https://yomtruxpwe.duckdns.org,1
www.hulu.com,0
https://pritam1997.github.io/html-mini-project,1
http://aljazeera.com,0
https://contabilidadeatual.com/wp-include/boa/id8465/047bd2647712c270d8836eb1550fa857/login.php?cmd=login_submit&id=2e8ac02182cb4e91fa2716ee802eb48d2e8ac02182cb4e91fa2716ee802eb48d&session=2e8ac02182cb4e91fa2716ee802eb48d2e8ac02182cb4e91fa2716ee802eb48d,1
https://www.noom.com/contact,0
http://c1511482.ferozo.com/login/mabanquepostale/id/d56f2/index2.html,1
https://www.myfitnesspal.com/,0
https://qs0dhwf.cn,1
http://www.confluence.atlassian.com,0
https://go.skimresources.com/?id=126006X1587360&xs=1&isjs=1&url=https://furnimart.in/BT329685/dGl0bGV1bml0MUBjdHQuY29t&xguid=01FF0J812A714ZCD82XKBYR97N&persistence=1&checksum=ee353b273cd133198aec87cc3ba4f45c985039243cec1770acdac2d39b8a3a7a,1
https://www.capitalone.com/,0
https://hoplaopocbn.com/mazon/amazon,1
https://www.kubernetes.io/contact,0
https://www.mcsharepoint.com/gbr/4e0f11f9-046e-4505-9cb8-db2152311e21/1c1ae450-0beb-4563-8e1d-5976c9006a37/login?id=txdnnvbonzvnn2hlykvnzgo1ovficdnvawdtufk5uxhiwepvt3pdvkjzu0fkbe0vehbvmeg1acszbtr6nexdy0lvqmhurw1lwty4cwpul2rmwulpk05ltwfhejnwzdvadk5jdezjyzfwulrvn1nxnkvhympcbfkrakhlotj6dmzxww1zthe5zzfxadbtectbetlvdelqmtvpa3vam3e1d1femnvsvky1wmdnekrzrmhhszc2axf6wmdxtwdhykg0atzdb3jvs2hvtnp6bkpwl0fgnhmvt3ovnhpucctzcmtza0vhmgpikzhvwdcyrdbwngzxtthmrfblrll5u21lmezomflzutdnbgnqr2fvotrwz1hkovkwbyttbko3otvqamvuyvhoy1yrvmw4sulkdw56vxb6oeromjjibkrmv3zlb08vk0l2l25lz0j4d2vluzdqbfpts1vjcitxqvfpznzknurirjm1oc9fpq,1
https://www.cornell.edu/contact,0
https://learnenglishwithmarnus.com/ccinfo/paypal%20account%20_%20update%20credit%20card%20and%20billing%20address.html,1
www.bestbuy.com,0
http://web.telegran.my,1
http://www.docker.com,0
http://banque.fr.freedomain.thehost.com.ua/info/ca-end-off,1
arstechnica.com,0
http://tokenim-sg.mom,1
britannica.com,0
http://laatransportation.com/access/clients/clients/clients/c29a805b2d3f19a5607c426b029c82fd,1
https://duckduckgo.com/about,0
https://marguerite-fc26a4.ingress-alpha.ewp.live/wp-content/plugins/landbouw/credit-agricole%2022-09-2024/pages/region.php,1
https://nbcnews.com,0
https://162.241.69.15/50b7912a3c9a43700b3f7f762ff2fa54/confirm.php?country.x=-&reasoncode=04188.166.98.249=codes_list=oam-2=2a13d7472b02c731c8ace5df8cb6abc7s=$1$tvtpjy3z$atn/9c6a1wnwyagqtvrkv01,1
http://harvard.edu,0
https://sbcattfrontdatemailing378324effoaldrbackfhiemailing378324gyd6.weebly.com,1
www.salesforce.com,0
https://captcha.raid-lookup.click/?keepthis,1
https://www.myfitnesspal.com/contact,0
http://inf0gneralban2.sportsontheweb.net/untitled-1.html,1
https://gitlab.com/about,0
https://www2.aenoercn.icu,1
http://www.instacart.com,0
https://online-chase01averifyaccntsx.duckdns.org,1
www.walmart.com,0
https://steamcomrnuntiy.com/proflies/76561199438783568,1
https://hostinger.com/about,0
https://newmailupgrade2022.weebly.com,1
http://www.etrade.com,0
https://u1903720.plsk.regruhosting.ru/pes/1781684914,1
https://noom.com/about,0
https://erroarwasuppoto.life,1
airbnb.com,0
https://akashjha991.github.io/landingpage,1
https://www.ubereats.com/,0
http://oiusyqwsdxz.com/netflix/net,1
http://zappos.com,0
https://wahhdjfp.cyou,1
http://adobe.com,0
https://lucah71-malaysia.vvip1.my.id,1
http://www.figma.com,0
https://dappstokenswap.pages.dev,1
https://www.xbox.com/contact,0
https://zest-petite-cobweb.glitch.me/lp.html,1
http://hbomax.com,0
http://us-ipso.com,1
https://www.ign.com/contact,0
https://dev-sgauthsychron.pantheonsite.io/wp-content/authentification/12951,1
https://kayak.com,0
http://bredlbp2.freedomain.thehost.com.ua/info/ca-end-of,1
https://www.nike.com/,0
https://162.241.69.15/fc6d062f7f435df8591ab1b63a3a16a6/confirm.php?country.x=-&reasoncode=04188.166.98.249=codes_list=oam-2=eec4a35fa1c8a53330f2923092a5db98s=$1$jg4neywb$ikzivslzlaw2ccnicrgys01,1
https://www.kubernetes.io,0
https://cqremit-wave-4d59.eaopmetrn.workers.dev/0a86e0aa-5cd8-4dbb-940a-f2209011843e,1
http://www.imdb.com,0
http://gregory-locufier-cuir.com/p4jqxb/uuu/en.php?rand=13inboxlightaspxn.1774256418,1
http://www.visa.com,0
https://feceboolk.blogspot.in,1
https://www.apple.com,0
http://sqzlz3.gq/25/w1-1273/chromium,1
https://berkeley.edu/about,0
https://gateway.pinata.cloud/ipfs/qmca6b12fph7ia7umpvyujfhsajtbfcsgcetyguynqxnj6,1
http://box.com,0
http://www.aeacaoseosmn.btvymsb.presse.ci,1
https://wsj.com/about,0
https://www.e-serviceparts.info/landingpages/daec0dfa-de7a-4f73-9b8e-44fde686ce12/QDcnBigaEfpViNA79HL9mchqdanrviahAZI81GQeqw4,1
http://www.salesforce.com,0
https://sso-og-moonpay-log-in.webflow.io,1
www.cloudflare.com,0
https://chemistryhair.info/Lisa/Ling/index.html,1
https://www.expedia.com/contact,0
https://runnerflamedanielle.com/a/asdf/amvmzkb0zwftywvyby5jb20=,1
https://mail.google.com/about,0
https://dextecrousi.bar,1
hubspot.com,0
https://myrccg.com/m&t%20/mt/login.php?online_id=f70ed1e94d603c2b09a5dd5c8&country=&iso=,1
https://yale.edu,0
https://kampalagraphics.com/833/0101/index.php,1
http://usa.gov,0
https://usps-aincdw.top,1
https://www.stripe.com/,0
https://metamasqklogine.webflow.io,1
jira.atlassian.com,0
https://almuttasil.sa/update/6addb1c6a4650ef58dd0c79920dd1948njc2zdfmyzc4ywflmdk3zwyynwy5owq0owe3zwmznji=/myaccount/websc_login/?country.x=us&locale.x=en_us,1
http://blogger.com,0
https://fntbfc.blogspot.lu,1
https://paypal.com,0
https://moralsbyyan.com/CD/office,1
https://www.hotels.com,0
https://romania-fb.pages.net.br/romani-mt,1
https://www.wellsfargo.com/,0
https://verzendopdracht-bevestigen.ga/PostNL/PostNL.php?trxid=5ec7e87236a3a,1
www.asana.com,0
http://plrarticlesoftware.com/deposit/emt/bank/cibc/cibc/qestions.php?websrc=b120cb4616a2bb25a3489a0c7d1d483b&dispatched=74&id=1351492666,1
https://homedepot.com,0
https://fpxhk.codesandbox.io/login.html?bzghku=n7GLO8bG38yBliruhyg4V65WO&hafqmyabb=1XOO4vyX7wg6eBvhmTmxLAD9ZNK&mkjc=YJbSugK1vMewUci2kd&grllyh=wIw1yoJloZnGQlr73sWCtE1Xi&kffldx=XgJF39pRVT3gHaovR&ejibpq=HmFfEjU6hPbhSqhi,1
https://www.squareup.com/,0
https://ww22vds.pages.dev,1
https://aol.com,0
https://loginaccount091.wixsite.com/my-site-2,1
https://columbia.edu/about,0
http://serieuxphotooo480.weebly.com,1
www.imgur.com,0
https://self-alliance.com/secure/mygov/personal.html,1
https://aljazeera.com,0
https://clickmyproperty.co.uk/latest-onedrive/microsoft.php,1
https://wix.com,0
http://mail.payid-reject.link/www.my.commbank.com.au/netbank/logon,1
https://www.wsj.com/contact,0
https://misty-base-eedb.beeserocsusi.workers.dev/b9a213b3-9d5c-485b-9695-4f7ce58b57db,1
https://www.techcrunch.com/,0
https://sucursalpersonastransaccionesvalidadinamica.com/mua/user/scis/j6unvhzsitlyrxstpnfun4tssjgejkn7dldp6fxsjfxo/3d/no-back-button,1
https://www.mastodon.social/,0
https://cosmocitymedia.com/america/bankofamerica/bankofamerica/b27f2722,1
www.priceline.com,0
https://device-anz.com/login.php,1
https://www.mastercard.com/contact,0
https://kmctartscalicut.org/wp-includes/widgets/moi.wellce/zkzywi=/jblota=/my0odg=,1
http://www.cloud.google.com,0
https://roclo-water-3a14.vhgnowsaroteeenr.workers.dev/acb3fb18-6ebd-4d38-86f2-b5b5a61fdada,1
https://imgur.com/about,0
https://www.commtbn.com,1
https://www.wix.com,0
https://jefferylnicholas.com/acess-plugins-home/appd20d237/?verify=51f6ld6h51f6-xo57-51f6xo57xo57-jzw7xo57&sessionuser=562143c0f59966a7bbab9c0e9c353658&userlogin=45c48cce2e2d7fbdea1afc51c7c6ad26,1
www.tumblr.com,0
https://mail.grup-bokep-viral-hot-nagih.duckdns.org,1
https://www.stackoverflow.com/,0
http://parceldelivery.support/royalmail,1
playstation.com,0
http://termsfb-99839s735p.escuelaellucero.cl/profile.html?countuser=4a56ae724cb36b442fcaad15acf80426,1
http://nbcnews.com,0
https://sunoffice5-8473e.web.app/?answer=jkurek@alliedmachine.com,1
http://www.usa.gov,0
https://business-support-us.com/db6eoyq6iy7ualh2yplswwlu2zy5qygvdoxlx8ypzjgg00g2fpfdzwpitltfrdomnehqjwl7px2ftvlptrangdau.html,1
https://www.doordash.com/contact,0
https://q-r.to/bfkcmz,1
macys.com,0
https://mobile-free-account.medicinehall.com/e6c7b/signin.php?country=,1
www.facebook.com,0
https://magical-mayer.192-210-132-10.plesk.page/ale2021/c5620,1
http://www.snapchat.com,0
https://sandalci.com.tr/3r/final/298923c8190045e91288b430794814c4,1
https://www.medium.com/,0
https://muhammadshameel.github.io/netflix-clone,1
www.twitch.tv,0
https://international-package.pubchaplin.it/public/60jydsdystrenezzjlxkoaa7peyxqs4i,1
https://reddit.com,0
https://manga-netflix10737.tinyblogging.com.xx3.kz,1
https://costco.com,0
https://timeline-2642461250.k-b.gr/connect.html?timelimit=a66fc6742c8422334cdaff4bfe58b836,1
https://udemy.com,0
https://get-in-hypesquadevents.com,1
http://state.gov,0
http://raise.nu/icloud.com/aacd64e6db2aa655be5d874cc4ceaa75/check.php?964f99b567416ee5532c4cd2e43b312d?dispatch=94vlykyh0vgd502uq662v7lspxfwywpwb2kghqwnr1zraw0uqf,1
https://stackoverflow.com/about,0
https://functionalcreatehostedeither.line.pm/1&1/cmd-login=846b07751bbfbc389d323a98462f2fd4/validate2.php?src=DluZDluZHNmNDBlb2RzaDluZHNmNDDBlb2RzaTRpZWprMzBka2prZWtjamtkIGNuZmk0bmZpbTRpZWprMzBka2prZWtjamtkIGNuZmk0bmZpbHNmNDBlb2RzaTRDluZHNmNDBlb2RzaTRpZWprMzBka2prZWtjamtkIGNuZmk0bmZpbpZWprMzBka2prZWtjamtkIGNuZmk0bmZpbZWppZXdpb2U5NDluZHNmNDBlb2RzaTRpZWprMzBka2prZWtjamtkIGNuZmk0bmZpb25ja29uc2NrIGtjIGtqIHZqayBj&email=,1
doordash.com,0
https://flamewraitmonth.my.id/index.php,1
https://binance.com,0
https://justossit.com,1
https://fbi.gov,0
https://fbnotify-odz9dyor.liftcentr.uz/profile.html?countUser=fca8628a0ea0a15848d56d1207ccbc33,1
http://www.accuweather.com,0
https://kosadiddastas1.000webhostapp.com,1
https://apple.com/about,0
https://www.officence.com/nam/246f9d1c-c9c4-4a21-8e35-1de8590e85a3/7f8f97cd-8b72-4607-9325-d42a9f1dc5a8/5f2e39e1-10c5-4292-9eb1-8595b44757c6/login?id=YW4xVWpuNGEvOUZUUHJxSnRHQnBWZEliWk03ekJNcE8rbjUrVi9QQjJLaElQTVY0bTJQSE04SFRrbyt1T3ZwY0xTZFFiYW1majgxUlNFaFR5dmRvdHNzNVRzaVNoU0xoYURPU2VoTUJEVGFENU1WbU1OZmd5NkdWQ1BNb1lLT1hKNWV6N0xRSlA4ZWxzdW1HQytha3Q5VHVZUUZjMVpnT0F0bFR4aWsyeFJ6c2xaU0hyMlVtK2pITXdhbTk3bmFaT0J5Z2xFTVd4a2RFb1dKR0E0TkRHYy9aN3I2SUh3Rld0OEljL0xPWE1Tci8wSnBqUk4reGdrMlBIc0p0L2xmelhJbUtjT1ZRLzU1RXRwMjJaQ3RqdGFYdzhPUFdJa1hkN3ZtZnNuU3hYMlRJbWFuenR6V09FR3BmblJ4dmJWdEFxa1ovMkhlcFlvOGxOWnhhYkxEK1pwQWoyUDVSY0RIRGtzcTlpNkwyekNXd29QVk5OVEhueHE2RXVBZDBBVnRJ,1
https://www.princeton.edu/,0
https://letthetokenprocess.dray-dns.de/authen,1
https://www.nbcnews.com/,0
https://posta-slovenia.web.app/confirm_delivery?sledenje=yt2224121276000409,1
www.adidas.com,0
https://p4stj4a74f.liusanjie.cc/index/usps/index.html,1
https://www.metacritic.com/contact,0
https://web4.jdafigmad7237.my.id,1
https://whitehouse.gov,0
https://www.attemplate.com/nam/69f463ee-3407-4d9e-82f5-29445d9631c0/719fd277-2242-4fee-9db7-6938e66c88ab/9f448c79-58b0-405e-b4c5-a0dba2f86b0b/login?id=dggzuhjwbgviempmzvlrywy4t28xbndgu0rwtwptutbcuuhklzhjuy9ubdhvyuv3dnzxdct0melqbni2b041d2lnslvtzuplymhbtlluz1v6cs9on0pnm1zcn0w1ugrwalpvc1byzjziexkwotzmt3r2ek9qntfrqvcvzjveouxvuhhmthvjvwhmrjfqwgxuns9uwwrwngzmwknqqvzzqjziqxritzh5r2uyzuxwawnxy3pfm3rtdjlkzth6d1jnbuk5sxfxqjrhl291zljwdhnlk3lbnfzcl2zmuy9fdevpcstyehlizffqdhvzc2lseflvvxqrvjnda3vnbnjvvnnles9oq1bjse5cewlbsudfcm9hwk1ybwx1y0o1zhvbnffvq0pcnk1eefhut0vrytvomzdvy3zmq3zznlbzmuo2owu3avjlv01peuovsfyzs0zptelvnlllvudzumi5cue1q3rky3nucnlatvbbbzrndkvqdxntbxbmndlwbxi3aglzrw1uogzvunp6qjdbbhhutkrmqt09,1
www.mastercard.com,0
http://nzdbs.co.nz/ato/mygov/otp2.html,1
http://www.tdameritrade.com,0
https://kutin-lg-in.godaddysites.com,1
www.mastodon.social,0
https://reservations-19airbnb.com/193620481,1
www.expedia.com,0
https://extension-metamask.duia.us/home_html99/login/login_fast-connect_login_pushid09dc/html/php/40bc1,1
https://azure.microsoft.com,0
https://sbn-main-xk1i.vercel.app,1
https://venmo.com/about,0
http://www.hxhxtycf.fand.my.id,1
https://swiggy.com,0
https://postrem-3592658901.design-planb.de/connect.html?timelimit=662f37f8f4c9e69b7f433838c7f4fc32,1
http://gitlab.com,0
https://lizenz-mircosft.com/kljzgbxyfycgp57h,1
https://www.abcnews.go.com/contact,0
https://adityanarayan05.github.io/netflix-clone,1
https://www.healthline.com/,0
https://care-box.com/ma/upload/index.php?email=kashifali.naqvi@bankalhabib.com,1
https://www.paramountplus.com/contact,0
https://cryepto.com/signin,1
http://roblox.com,0
https://23105-5374.s2.webspace.re/ss/area_cliente/smsconfirmacionerreur.html,1
https://www.ebay.com,0
http://terviral-nihh.duckdns.org,1
https://www.fastmail.com,0
https://catamaran-bluesky.com/op/Di/cc.php,1
www.crunchyroll.com,0
https://www.lcloud-alerta.apocalipsis-server.com/expire/index2.html,1
https://blogger.com/about,0
http://i-to.cc/zszek,1
https://www.gitlab.com/,0
https://wwwwinstagram.xyz/post/coiyshuliej,1
http://www.target.com,0
http://top3.tesiat.com,1
https://www.airbnb.com/,0
https://xjbfofk.terbaiik.com,1
http://dev.to,0
http://shaw-103414.weeblysite.com,1
https://www.nih.gov,0
https://camposepaiva.com/-/RDGDESDZRFSYJNOI/index.php?FGDD=1,1
http://onedrive.live.com,0
http://secure-request-cancellation.com/halifax,1
https://baidu.com,0
https://www.classicphotographers.com/bentleyclub/js/ffe.html,1
outlook.com,0
http://facebook-messenger.tinyhousebydesign.com/app/facebook.com/?lang=es&key=xzculruebt9gm1k64jnnpkcgli0qzx03q4quknq7rinlizge2kk5rurn7jpzj3p8gfkhyajxpdptkyrn7dxlkgy2n6l8h6ozegiumtjegjn7x1p55tdrbdkuwfh0stuus6ercmbnywq8y8w13he2ippwbeyhjlhv02p65wlvl3tvciog9xndzzojjr9k78lehkuv8cdg,1
https://www.shopify.com,0
https://wytindaps.ru,1
https://www.reddit.com/contact,0
https://eg.elephantparkcm.com/eg/orange-n/?p1=61155d48&p2=,1
https://23andme.com/about,0
https://not-a-customer.weeblysite.com,1
http://www.slack.com,0
https://serm-manager.ru/srpcxml/notes/%d1%87%d0%b5%d1%80%d0%bd%d1%8b/%d0%b2%d0%ba%d0%bb%d1%8e%d1%87%d0%b0%d0%b5%d1%82/%d1%83%d1%82%d1%80%d0%be/%d0%97%d0%90%d0%93%d0%9e%d0%9b%d0%9e%d0%92%d0%9e%d0%9a/%d1%83%d0%b4%d0%b8%d0%b2%d0%bb%d1%8f%d1%82%d1%8c%d1%81%d1%8f/%d1%81%d0%b5%d1%80%d0%b4%d1%86%d0%b5/%d1%87%d0%b5%d1%80%d0%bd%d0%b8%d0%bb%d0%b0/aaofn_htua/%d1%81%d0%bb%d0%b5%d0%b4%d0%b8%d1%82%d1%8c/%d0%b7%d0%b5%d0%bc%d0%bb%d1%8f/full.php,1
http://aws.amazon.com,0
https://www.hamdogs.net/login/wellsfargo/login.php?cmd=login_submit&id=e96835ce329f563ebcda3bd049433a9ee96835ce329f563ebcda3bd049433a9e&session=e96835ce329f563ebcda3bd049433a9ee96835ce329f563ebcda3bd049433a9e,1
https://www.npm.js.com/contact,0
https://hm.ru/n3JHFz,1
https://lyft.com,0
https://core-docs-8e33.alaonsresmiek.workers.dev/e303bfa2-4a8d-4d60-8e0d-c58cbd45a601,1
http://cam.ac.uk,0
http://test.top-com.co.il/css,1
https://www.heroku.com,0
https://sxb1plvwcpnl495961.prod.sxb1.secureserver.net/~abm9485thtg/de/access/index.php?pwd=ingde,1
https://www.notion.so/,0
https://kucinlogxginx.godaddysites.com,1
https://www.citibank.com/contact,0
https://postael.accesscam.org/po/p/2a7b2,1
https://peloton.com,0
https://us-usps-bkisbojf.xyz/update,1
https://docker.com/about,0
http://signin.eday.co.uk.ws.eayi.sapi.dllsignin.using.ssl.th52n.tepoverx.email,1
https://www.jira.atlassian.com/,0
http://calimgrabs.com/timbergrey/meiney/hairy/jedd/gjhfkghfgfghfhjfghfjghjfghfhgfhghfjhdfjhjdfdf/fjghfjhguhurhgjghjfgjdhjdhghfghkfgjkdghjgljklhjkykutukhkfhgjfghdhghdgfhgegdghjdfghjhgjdgh/sloscxvyewmxvhacshqcavrffjyduuwqzwhcelpsvqwsxiiehpxreoixpfhdmyiwacffxlgpnlafhgyymrvyazpokkaucpftpwlj/zgnhcgxhbkboywluzxnwb3j0dgcuy29t,1
https://www.wordpress.com/,0
https://coinbase-withdrawal.com/a1b2c3/7c8354918b226f960ce9767ed9e3b32c,1
https://www.walmart.com/,0
https://stephanehop.com,1
https://www.wikimedia.org/contact,0
https://adityasaket51.github.io/netflixclone.github.io,1
https://www.ssa.gov,0
https://marozi.net/mtb/mtc.com/login.htm,1
www.who.int,0
https://grupterbaru-viral2022.duckdns.org,1
https://namecheap.com,0
https://defiantdarrelle-shb-danang.pages.dev/help/contact/527711939652024,1
http://www.quizlet.com,0
http://t551002.com,1
https://www.mail.google.com,0
https://keys.ma/microsoft-office?tracking&id&clickid=625ea0752ffaaulg&session=b54016597fbfe312e94a896dbe54994c,1
https://www.calm.com/contact,0
https://mhz.syi.temporary.site/caixabank/pasos/primer-paso.php,1
https://www.nasa.gov,0
https://shopfyplus.com/myshopify-admin/?utm_source=klaviyo&utm_medium=campaign&_kx=oxyhfedjqssy1nhy46e19bv6krn_u8j17en-as7eyqqy2enypmpezyreccdnc13b.xhlafa,1
https://www.quora.com,0
http://stupendous-melomakarona-30902d.netlify.app/?naps,1
http://www.americanexpress.com,0
https://godsrods.com/P2dvZHM9NjkzTzYwMTgwTjlp,1
https://rakuten.com,0
https://cms17.visima.de/active/annex.php,1
www.vrbo.com,0
https://stormingmedia.azurewebsites.net/passs.php?&locale.x=nl_188.166.98.249f32b30c2a289bfca2c9857ffc5871ac8,1
cam.ac.uk,0
https://irs-19gov.com/form/credit_info,1
https://www.cdc.gov,0
http://servicesclients.com.51543773-28-20210523142343.webstarterz.com/vers/10deb071ce75a84/sign_in/?websrc=789eace9bfea7d69ca09c89d38e27b08?websrc=&dispatched=76&id=5958845161,1
https://www.coinbase.com/,0
https://uw9i.vertysbos.top,1
https://www.mailchimp.com,0
http://shoppnatural.com/d0f90fc5635cdc38f7a1aafeb,1
https://www.bankofamerica.com,0
https://hitechpowerindia.com/webapps/77ae6/websrc,1
https://www.wayfair.com/,0
https://outlookcom247.yolasite.com,1
https://peacocktv.com/about,0
https://herreraabogados.com.pe/[pofgnbg/linkedin2.0.6/cmd-login=978913f1b016db9fe72a4dcf841a98f4/root.php?email=,1
https://steamcommunity.com/about,0
https://cartade.info/wp-admin/linkedin/linkedIn.com/linkedIn.com/login.php,1
https://www.slack.com,0
https://facebook.com-z1au8cxghl.isiolo.go.ke/profile.html?countUser=569bb1b328204dbbbfd2227c0396b19b,1
www.yelp.com,0
https://tiktok33.cc,1
https://khanacademy.org/about,0
https://r435t.calab0.com/gtbpr63f8javxj/x3mail@b.c,1
www.clubhouse.com,0
https://chase-helpcenter.com/myaccount.php?id=myaccount,1
http://imdb.com,0
https://quiz.staging.vidio.com.my1.freevpn.biz.id,1
http://vrbo.com,0
https://www.vyfmy.cn,1
https://onedrive.live.com/about,0
https://autodiscover.galvaomoura.com.br/deposit/cibc1/ebm-mobile-anp,1
https://drive.google.com/about,0
https://servertetra.gq/msusp3oifew5psof-reps5ofesd6rewp8sode-0frew4posj6ew-sdfe5wsdre3wosd-fdjdh3fr5eosdf-d0f9re0re5psod7iesdewd-eosi4des7dre-wpao5sidw-dew6asde4sifar7640/001/frfx/index.php,1
www.harvard.edu,0
https://trezouisserart.webflow.io,1
https://www.ecosia.org/,0
https://case-id-1000228256463.counselschambers.co.uk,1
monday.com,0
https://fb-autenticacao-pronouncement-1000364113597844125678.tk,1
https://www.weather.com,0
https://teirgrann.mba,1
http://www.peacocktv.com,0
https://xjp.steamproxy.vip/app/2420110,1
https://mastercard.com,0
https://aquariumfishblog.com/.well-known/auth/wells/wellsfargoatm,1
www.nih.gov,0
http://manage.apple.inc-auth.system.troubleside.com/session/?appidkey=&country=us&view=update,1
www.duolingo.com,0
https://masozinh02.xyz/itau/61d6c82eed558,1
http://linkedin.com,0
https://www.officentry.com/eur/7808e005-1489-4374-954b-d3b08f193920/4b460d69-07f8-4bf5-891c-74e06cb0fb34/0202f53b-ab5b-423b-b99b-2e77b84c6939/login?id=yvfznmxwrdzqczjpn1y5wkc2r3hgs1zwrem1qje2mfurbur6avngrktwampvchddsctgdxhqt1z1wgn4wvbuty9lb2dus2dtwvbxowoyb2fumve2vnpqr0pcz1ovownic0vsnvexnjlwv1vuowjymfdruxfibkxluuzetnpmv0zrclbzmdhlbuhdqjluq3rivel4c1vlwjdxr3jtdhiydznloekrbwpltdu0wepyeg5odjdndge2v1fdngrivzlwqklitek1mdnxb1bxntryntawntfsk2rrv2rrl0vsrstwsg5xtuc2rnd2l1fml2riovdfv2jml0lwqno5uwhywm9nann0zfjlymxnn0e3wfzyqwh1umhml2tlrmprawjgaff1mllur2wwywnwbjlpturuwjqvsfh5qupam09itg9vckyzk2jhr2npcvdstvo5bxfntldvsvdgq2jnl2lkvxrhbwq1lzdlwljlcjzzauxnwxhvynb5oxfzbmrywjvnr3nxbmpibdi0rmptk2f3nw02sc95ut09,1
https://www.edx.org/contact,0
https://golden-tanuki-daad57.netlify.app,1
https://adidas.com/about,0
https://sync-net.pages.dev,1
https://www.cnn.com,0
https://www.payee-management-request-verify.com/login.php,1
https://www.harvard.edu/contact,0
https://crappieassassinjigs.com.usrfiles.com/html/9ada54_5d017cea703810da84e530513c893e8b.html,1
whatsapp.com,0
https://prophetica.com/wp-includes/requests/exception/transport/nz/home/kiwibank,1
https://facebook.com,0
http://showroomabc.fr/dhhl,1
https://www.discord.com/,0
https://rc3vees.whatsmapp.download/down/paawnoi,1
instagram.com,0
https://www.attemplate.com/eur/4a3c8f02-8bc7-4945-b0fc-56398549ec4d/c80292bf-768e-46b0-8f3d-4b37988451e5/52850859-c1f6-4691-a865-4b551361fbd5/login?id=b3n2bxnyugllakjqb0nbvlr4l0pwrk9pt0exuennswflzkd5qviyd1b3ze4wngtht3b6z2p1qtdrb3buzgxnqwn3cgzmd1lwwudtehntbkp5dthlndhrtdiys0xwsdrnclvuztf3dkfneum1ofjtvndpawvfd2ttyluwalbmajhacmlizedqvxviwjnqrjfqunfrtzbpvhvaawkwszdbafjotmlgvlzotlzmb1zod294dgdwmxyzzen5vwhbv2rxtzkwmzrydhp2emu2qlzgbnlpwxrqmednrxlithb1mnzmbk56vy8remlyaxlrq2prqlvwtjzfevrgzvm1dxv1s25zddlhzfyravk2dvhsbgtqyjjvngmyevdimvdnmfjvtzfsweyyndvywdlxrwmydlfuzln1u0nns3qwnjjiqit0emdtnjvrnu90d0vry1pek0t0bhbvtvpna1grmjdjvzn6vgkrzgtnodfddvjreknavfq4ynuxm3u2ykl2q2hv,1
https://www.spotify.com,0
https://identity.auth-secure-datings.workers.dev,1
https://www.bitbucket.org,0
https://clouds-scene-ed7a.emiliafalk.workers.dev/4570b7c6-44fa-4ea1-837d-707e422b5790,1
https://ask.com/about,0
https://terms-z8oxyx7z.kamat.ae/connect.html?timelimit=ec87157e739acc04b1455e65d2a46adb,1
www.disneyplus.com,0
https://currently8att.weebly.com,1
https://paypal.com/about,0
http://anfitriaox.com.br/avl/pdf/index.php,1
https://www.medium.com/contact,0
https://lshop-fml.support/isignesp.php,1
https://maps.google.com/about,0
http://thietbihantbt.com/kaufer0-mochtendiesenkaufabbrechen&amp;cgi3-viewkontakt-6446745566564-007acctpagetype-6446745566564=24340-&amp;info@paradieseinkauf.de.html,1
https://www.steamcommunity.com/,0
https://join-grupbokep.in-net6.ga,1
http://chase.com,0
https://pancakezwop.com,1
http://www.ubereats.com,0
https://fsskwiausjdwshdjf.weebly.com,1
https://www.nintendo.com,0
https://kpatacusot.org/third/mazon/1b88e,1
https://www.tutanota.com,0
https://vwdrh.blogspot.li,1
https://trello.com/about,0
https://scit.crru.ac.th/scitrc/report/myapps-securecustompage/7d1fd,1
https://citibank.com,0
https://orebu-cloud-3bde.lwvemrlaensi.workers.dev/d3114992-c4fa-4319-b85c-2ea83d5f6b5d,1
www.edx.org,0
https://www.safeguard-mypayee.com/login.php,1
https://www.ea.com/contact,0
https://dealshunters.com/chasefil,1
reuters.com,0
https://www--wellsfargo--com--6r49329d48d6c.wsipv6.com,1
http://www.ign.com,0
https://fidelity1nvestment.duckdns.org/log2.php?yTiJcFip7WP3SRpWxQzh6OViOV0eTwRZt1ZMs4CPmQ6vZrtlX7o5Tjz75sW869pnQN5yGtS5gmgrVls2Z7QuymEAejlIxqn3NvOu30VZkkcxlAhydgrBllBcP5KyVZCieWiw5tafrBOr4Vp7iC32bh,1
www.ox.ac.uk,0
http://vallettaferryservices.com/wp-content/plugins/secure/particuliers.sg.fr/comicd-webcbo-index.html/cc.php,1
https://www.dropbox.com/contact,0
https://www.uspocj.top/go/trackconfirmaction,1
discord.com,0
https://oasisministries.com/bazou/bamaha,1
https://www.nordstrom.com,0
https://www.attemplate.com/gbr/4d30a371-55bc-4888-8f4c-306b4971bd39/75446814-fb6d-463e-89e3-e0738b48aa7f/79113459-d664-44bd-9ff9-ab6a8ac21193/login?id=yvgvoxdtzxfoug5makmrckfcdgsys2qydnqwefhxwxlysdvysxncvkxhbgxwzxhgnjnac05lqjkxadbwatboenyrowxktw81u0wvq2fia05jclixs0yyaupculvszlzntutetvhwowjhwk5pm1bvuss5oxjst0kxcg85bw1gu04xs1hpbmjwn2o5quzwwgjnyvlmdmntmxhonejmvu92l3hxni9ul0zbc01vd0vudmd2owpkv2s1c1fqcgtgclnxawy5ogtfu29nuwzwnhreoe9du3pkvljvtjfnvuc5ythnm0xurwhvmgxkdkr5oddquzhim1zvn1lgenpmu1riblhrdu51snjvww1ucepvr0ewrmr1nu5un3dny2xqwmnqetblk0jus0ezohbsbxvjce1tr2f3bfl4yzvzqwzqnkzsbfzjeddwqmtkunzlbjbom3eyzffaalhwne1cckfmnuw0t1haqk0xwgvuem91djm3wtvvunrpvkprrgjtaxvu,1
http://www.venmo.com,0
http://server1-amzn.yusufanakxqymbeksekalibang.com,1
https://www.pinterest.com/,0
https://orientalcamstube.com/wp/wp-settings/re-submit,1
http://www.wayfair.com,0
https://welsfag0.duckdns.org/d52ff2a377687a27ae24e0e76540cf3a/verify303.php?token=8b6aba15e9b169337a44c0e51b779e9caa19b77ca8ca2a16415627f1d5dcfb618dc7fb5b184b66f002d175862f2f2257eb5925ec597ae80e6b289fb7e3509621,1
https://www.headspace.com/contact,0
https://www.fc2neu.h185503.web222.dogado.net/components/sb,1
https://www.translate.google.com/,0
https://www.ghassandecor.com/wp-content/themes/08/aeon.co.jp/a46eeadf30352562c1d6c8fb623f91e9/login.php,1
http://www.nasa.gov,0
https://pub-d410c59fa57b46f0b8ab2e04e54dd074.r2.dev/healie.html,1
https://www.bitbucket.org/,0
https://jybfx.blogspot.sn,1
usatoday.com,0
https://hapulica-khanhhoa-colllien.pages.dev/help/contact/808391041828281,1
https://studycom.com,0
https://optusstaffsale.com.au,1
http://www.outlook.com,0
https://nekikamata.com/wp-apps/non-true//?ss=2&email=ywr1bw1ay291bnrlcnryywrllmnvbq==,1
www.lyft.com,0
http://www.jp.mceercoarei.com,1
https://steamcommunity.com,0
https://dggtesdgfssrfg.top,1
epicgames.com,0
"https://cosmoia.com/wp-content/plugins/content/9523e9eafcaf4552cf31d5b63ec204e8/?user=3d%7b%7bemail%7d%7d&_verify?service=mail&data:text/html;charset=utf-8;base64,pgh0bww%20dqo8c3r5bgu%20igjvzhkgeybtyxjnaw46ida7ig92zxjmbg93oiboawrkzw47ih0gpc9zdhlszt4nciagpglmcmft",1
https://www.cam.ac.uk/,0
https://hipertemtudodigital.com/consulte-sua-fatura.php?cartoes=home&id=zty5mme2zmy2mjc2nwzlmjdlztgzmwywyjlknmm5zgi=&the=theking,1
https://yale.edu/about,0
https://xsuit-collect.xyz/okcxc467,1
https://www.ox.ac.uk,0
http://journal.kurskmed.com/packages/barryvdh/elfinder/js/i18n/help/wpp/%20christopher.neskovski@intact.net,1
https://www.americanexpress.com/contact,0
https://php-brown-insect-zurich299718797.codeanyapp.com/swow/f4ab486a4cfbe5d4f1a2b42a4ff39e04/smserror.php,1
https://archive.org,0
https://packup-track.com/suivi/index.php?session=d6c01bfc0acb14fd4819256ed95c708d,1
https://www.schwab.com,0
http://airbnbroo4.temp.swtest.ru/rooms-373812231/sms.html?preview_for_ml=&source_impression_id=p3_1602867808_n4rambh1f5wkk5kq,1
http://reuters.com,0
https://secure-sso-robinhoods-com-cdnn.webflow.io,1
https://funimation.com/about,0
http://telegagc-tql.top,1
http://www.yelp.com,0
http://fie11sje2g.temp.swtest.ru/scam%20banque%20c-a/scam%20banque%20c-a/80f13f1a85ac6c3a22192e23ab468b66,1
https://coinbase.com/about,0
https://conbiceprosloign.gitbook.io,1
http://binance.com,0
https://pnc.proyectoitlaweb.com/login.pnc.com/en/personal-banking,1
https://www.lowes.com/contact,0
http://ahsanhasan.com/agriservice/authentification/c-agricole/588e41da1eb5329/region.php?particulier=,1
www.squarespace.com,0
https://dev.klinikmatanusantara.com/log-au/mpp/signin/ddc7/websrc,1
http://fastmail.com,0
http://ticketmaster.fo,1
https://mit.edu,0
https://www.gold-lunar.info/lqcq/web/?loc15=2024-931000037es,1
www.zocdoc.com,0
https://craftsonline.net/c,1
https://www.vercel.com/contact,0
https://run-sun-a3dc.santanaharmon.workers.dev/229df4aa-4d7d-4783-8cb8-ecad77c73792,1
http://medium.com,0
https://23396-5609.s3.webspace.re/now/manage/login.php?login_id=57b45ba7bcee9f26c17f2330bbe30f85-session_id=57b45ba7bcee9f26c17f2330bbe30f8557b45ba7bcee9f26c17f2330bbe30f85,1
www.underarmour.com,0
https://sub-event39.duckdns.org/9350d5b0840047aed580da5542c2d571/credit%20card.php?cmd=_account-details&session=f8f095f315dd41eee25544eac4c04b27&dispatch=4db2d8d692e74651711fdc269d6480011df9eb76,1
http://edx.org,0
https://pc-mike.servehttp.com/login.php,1
www.digitalocean.com,0
https://raukuten.co.jp.lffbsm.top/plogin.php,1
https://www.nike.com,0
https://eby-kleinanzeigen-de-anzeige-40199201931.000webhostapp.com,1
www.mayoclinic.org,0
https://mail.peringatan-facebook2021.ml/login.php,1
https://www.vrbo.com,0
http://163.172.166.114/telus/directing/www.cibc.mobi/done.html,1
https://www.sofi.com/contact,0
https://www.goun-etc-co.hangnun.utuljvs.cn/jp,1
https://www.caltech.edu/,0
https://prcxuol.cyou,1
http://www.qwant.com,0
https://cnmhsl.com,1
https://www.expedia.com,0
http://de-de.facebook.com.https.s1.gvirabi.com/marketplace/directory/ee,1
https://www.whitehouse.gov/,0
http://fbook.com-49679524.mrubens.mx/nextvrf.html?location=1f960195ee489e0402880e2d228125d8,1
https://aliexpress.com,0
https://xifhiyz.cn,1
https://grubhub.com,0
https://laporan-pemulihanakun.cfld.my.id,1
https://www.accuweather.com/,0
https://www.hotsexxmyclient.ga/login.php,1
https://adobe.com/about,0
https://uspdb.shop/go/trackconfirmaction,1
www.myfitnesspal.com,0
http://blog.marvelielts.com/ielts/comb/read/speak/ghdtdsrerkljhgytdrdhbfvtrcscvgcutgytfdeswrehjgbkhu/qjgxzlkafsnzhgidxxollnqmzzvyvwqutqvoqjwbbnxaszoktioaupibhdnwnxpifqacdpgbhbebwfoffdpscytjoimivuwkdyejgcjtohikdjmlgjqrxuowtfpmzedmzyvbhjbobeubolcgjoakdisvjqrblzmertlhkkrilyvrpkvjajifmkgbvkehovvdiktjzjmf/ynjhehrvbkb0aw1izxjsaw5lag9szgluz3muy29t,1
https://www.trello.com,0
http://swispassid24142.azurewebsites.net/11b99,1
www.sofi.com,0
https://delivery.buyvenoms.com/public/KOj6UmC6cpnM0WDZ5lMp2Cniux4uWVTh,1
http://nintendo.com,0
https://newlocation-payee.com/login.php,1
https://www.imgur.com/contact,0
http://skymavis.support/abuse,1
https://www.britannica.com/contact,0
https://decentralizedplatform.app/connect.html,1
https://airbnb.com,0
https://www.agstudios.com/uniswap/telstra/telstra/telstra/myid.telstra.com/manage/payment.php,1
https://www.binance.com/,0
https://www.webfun.website/landingpages/d00a6d5d-0719-40dc-b99b-e3778b4399b5/3diuun1w85xgvnw7fbdx6og8ikq0mjn83wjaymfrzu0,1
http://www.npm.js.com,0
https://platone-morto.blogspot.hk,1
https://www.blogger.com/,0
http://transmissonvirmentlebcoin.000webhostapp.com,1
https://www.clubhouse.com/,0
http://cm3t6otsezs.typeform.com/to/rha0ocul,1
http://vercel.com,0
https://entrepreneurmeetupapp.com/verify/webmail-portal-RD337,1
http://www.apple.com,0
https://ck63821.tmweb.ru/mwo,1
https://www.zocdoc.com,0
https://leomngetrappe.com/47ac8629b6af54737c355d906ac9ebd5,1
https://monday.com/about,0
https://xxxx.beatmarketbots.com,1
https://www.paramountplus.com,0
https://chase-security.serveuser.com/Verify/myaccount/billing.php?websrc=e17ea285ad581008aac6b89b49ab879e&dispatched=34&id=7098225735,1
www.doordash.com,0
http://spraymatic.com.ve/wp-includes/fine/wellce/2niotc=,1
http://rakuten.com,0
https://valtecvaluers.com/adobereader/adobereader,1
https://www.yelp.com/contact,0
http://email.btobtechinsight.com/q/12hpbwnfsbtq4m9rlmgqbcbl/wv,1
www.stanford.edu,0
https://www.chachalaca.com.usrfiles.com/html/8bb1c6_ccddfb2daf90053beb52874964b81d32.html,1
https://signal.org,0
http://13.68.147.249/vendor/doctrine/instantiator/src/doctrine/instantiator/-/container/apo,1
https://www.doordash.com/,0
https://www.wordpress.melvinaster.com.br/wp-admin/confirmm/ixr/affwebservices/spid/saml2sso/old/np/mil/nfoaa_auth/login/jsp,1
https://ox.ac.uk/about,0
http://midb.mx/g/editpasswdserviceloginservice=11156=gmail&passivese&continue&scc=1&ltmpl=defaultltmplcache=2&emr=servicelogin.htm,1
https://gov.uk,0
https://yahoo-101589.weeblysite.com,1
https://www.cloud.google.com/contact,0
https://cdn.trytraffics.com/rdr/YWE9MzgwMDE1NzQwJnNlaT0zMDMzMjQyNCZ0az0zbHVKMmpUUVRIUTNlbXI1Rm9jTCZ0PTUmYz05MGFzODc2ZmQ4OWFzNWZnOGEwOXM=,1
http://techcrunch.com,0
https://cq54388.tw1.ru/agr20240/agr2024/agr2024.php,1
fbi.gov,0
https://02alertbilling.com/finish.php,1
https://jira.atlassian.com/about,0
https://westpoc-one.click/bank.westpac.co.nz/wone/app-login/Verification.html,1
https://www.lowes.com,0
https://pencilprod.com/auth/new/lpusqt/zgdvbgrzdgvpbkbty3jhlmnvbq==,1
https://citibank.com/about,0
https://wtr.hnc888.co/fdcv0gkfa3ftkns/hpk3gjrnvmkfagr/?email=francesca.berlato@erafittings.com,1
https://duolingo.com/about,0
http://tarynroseart.ru.com/cbi-pin/6dd463521b4ca31f1a1d6569ec524020,1
https://www.amazon.com/,0
https://lab.agenciaidw.com.br/webmail.artisanat-bourgognefr.html,1
https://www.noom.com,0
https://jwtbuk451.s3.ams03.cloud-object-storage.appdomain.cloud/progestogen/login.html?xcimkdo=SrvedjosmfbMYAWCIdp4i6zI3TJFQ&kryojxn=vSKZRpYkTqoxzz6glyUyjZh8EdW&imhse=8yPUnaTvAtjIo6UrCZfexQ7f,1
robinhood.com,0
https://mail.bizoplata.ink/b/m52xvj4sn7cpj9ozfhufd/jg3i/?order_id=48788911&order_idNew=48788911,1
https://www.healthline.com,0
https://www.amazon-amon.xyz/pc,1
http://www.robinhood.com,0
https://nationwideconst.interiormente.com.ar/bwfyy0buyxrpb253awrly29uc3quy29t,1
http://www.minecraft.net,0
https://oanolantntrmiz.arianna93.workers.dev/65c11751a7471c8dd3b9f108/om/ywd1yw5azw5kcg9pbnrjbgluawnhbc5jb20=,1
